completeness_score,missing_required_count,missing_optional_count,out_of_range_count,plausibility_issues,total_flags,critical_fields_missing,high_severity_flags,extraction_confidence,field_count_total,label
0.8106,2,5,0,0,7,1,2,0.8619,22,Clean
0.6577,0,2,3,1,6,0,0,0.7429,32,Clean
0.7321,5,1,1,0,7,1,1,0.655,13,Review
0.3151,10,2,1,0,13,4,2,0.2886,17,Block
0.6252,1,0,0,1,2,0,1,0.786,28,Clean
0.426,0,1,0,0,1,0,1,0.3052,19,Review
0.8149,0,1,1,1,3,0,0,0.7871,26,Clean
0.6536,2,6,0,0,8,0,3,0.5246,24,Review
0.7588,0,0,4,1,5,0,1,0.6563,46,Clean
0.55,0,0,0,1,1,0,0,0.6163,23,Review
0.7762,0,2,1,1,4,0,1,0.8183,50,Clean
0.7895,1,1,3,0,5,0,1,0.8937,38,Clean
0.1394,3,4,4,2,13,1,7,0.2817,29,Block
0.55,0,5,0,0,5,0,4,0.5364,38,Review
0.1938,4,1,2,1,8,0,1,0.3131,24,Block
0.8256,4,0,1,1,6,1,2,0.7568,22,Review
0.9224,5,6,3,0,14,1,4,0.8903,16,Review
0.9066,1,4,2,3,10,0,8,0.7847,20,Clean
0.8708,0,4,0,1,5,0,1,0.7858,25,Clean
0.7941,0,6,4,2,12,0,10,0.761,21,Review
0.7851,7,1,0,1,9,4,0,0.7881,26,Review
0.923,3,3,1,1,8,1,2,0.8891,27,Clean
0.5547,0,0,2,1,3,0,0,0.5103,20,Review
0.2005,0,0,0,0,0,0,0,0.2743,15,Review
0.622,0,7,1,1,9,0,1,0.6805,22,Clean
0.9529,0,1,0,1,2,0,0,0.7585,18,Clean
0.9364,2,1,3,2,8,1,1,0.8025,28,Clean
0.7792,7,3,3,1,14,1,2,0.7876,22,Review
0.1994,2,1,0,1,4,0,4,0.1799,17,Block
0.9177,0,2,0,0,2,0,1,0.8891,25,Clean
0.7419,1,0,4,2,7,0,2,0.6955,14,Clean
0.2404,0,1,0,1,2,0,0,0.2693,22,Review
0.55,2,3,0,0,5,1,1,0.4568,23,Review
0.6478,0,0,1,1,2,0,0,0.7028,36,Clean
0.8432,1,2,2,1,6,0,2,0.6948,35,Clean
0.6911,1,1,0,0,2,0,0,0.6902,28,Review
0.0877,0,3,1,1,5,0,1,0.3262,48,Block
0.844,4,0,5,2,11,0,2,0.7748,30,Clean
0.8297,1,3,0,0,4,0,4,0.7814,21,Clean
0.7036,0,7,0,1,8,0,3,0.5485,21,Clean
0.3523,0,0,2,2,4,0,4,0.4065,35,Block
0.9124,0,1,4,2,7,0,2,0.8331,32,Clean
0.3015,3,1,5,2,11,0,0,0.4701,27,Review
0.6742,0,1,1,1,3,0,0,0.6867,48,Clean
0.4606,1,1,4,1,7,0,1,0.3679,32,Review
0.7697,2,2,1,1,6,0,0,0.7342,18,Clean
0.7739,0,2,1,0,3,0,0,0.7716,21,Clean
0.7986,0,0,0,0,0,0,0,0.7684,21,Clean
0.9099,0,1,3,1,5,0,5,0.8519,26,Clean
0.3928,0,4,0,0,4,0,0,0.478,19,Review
0.9354,0,5,0,1,6,0,2,0.9568,23,Clean
0.9494,0,1,0,1,2,0,2,0.836,20,Clean
0.8356,0,1,2,1,4,0,1,0.8106,16,Clean
0.6343,1,1,0,0,2,0,0,0.6663,30,Clean
0.6525,0,2,0,0,2,0,1,0.5886,50,Clean
0.2438,0,1,3,1,5,0,2,0.1399,11,Block
0.55,0,0,2,1,3,0,2,0.5324,31,Clean
0.676,6,0,7,6,19,3,2,0.652,23,Block
0.55,0,0,0,0,0,0,0,0.4605,21,Clean
0.7617,0,0,4,2,6,0,3,0.7131,31,Review
0.5579,0,4,0,0,4,0,1,0.6626,24,Review
0.55,0,1,0,1,2,0,1,0.63,18,Review
0.5964,0,1,4,2,7,0,3,0.5565,23,Review
0.05,0,0,4,1,5,0,0,0.1671,32,Block
0.0894,1,4,0,0,5,1,1,0.1434,50,Block
0.7501,1,6,0,0,7,0,1,0.8598,30,Clean
0.8574,0,5,0,0,5,0,1,0.9443,34,Clean
0.8046,2,0,1,0,3,1,3,0.8327,38,Clean
0.8747,0,5,5,1,11,0,2,0.7896,38,Clean
0.8007,1,2,0,0,3,0,0,0.5955,16,Clean
0.55,0,0,1,1,2,0,1,0.4936,13,Review
0.1833,0,3,0,1,4,0,0,0.218,17,Block
0.7095,3,5,5,6,19,1,5,0.7603,35,Review
0.1109,0,6,3,2,11,0,6,0.2595,33,Block
0.8832,0,1,3,1,5,0,1,0.9606,14,Clean
0.8744,6,1,0,0,7,0,0,0.8249,13,Review
0.9373,0,0,4,3,7,0,2,0.9523,21,Clean
0.9447,0,9,1,0,10,0,1,0.9315,20,Clean
0.7433,1,0,0,0,1,0,0,0.8367,36,Clean
0.7126,1,1,0,0,2,0,2,0.4939,40,Clean
0.2617,0,0,0,1,1,0,0,0.3467,18,Review
0.1821,0,1,4,2,7,0,1,0.324,28,Review
0.878,0,2,0,0,2,0,0,0.8433,25,Clean
0.9896,6,2,0,0,8,0,1,0.9397,29,Clean
0.55,0,1,0,1,2,0,0,0.5783,35,Review
0.9465,0,3,0,0,3,0,0,0.8982,13,Clean
0.8615,2,1,0,0,3,0,3,0.8331,25,Clean
0.8773,0,0,0,0,0,0,0,0.8209,19,Clean
0.9374,3,1,2,1,7,1,1,0.9962,17,Clean
0.6144,5,5,0,0,10,0,4,0.6849,29,Review
0.55,0,0,1,1,2,0,1,0.6159,36,Review
0.55,0,3,1,1,5,0,0,0.6684,26,Review
0.55,0,2,1,0,3,0,0,0.5774,16,Clean
0.5331,0,0,1,1,2,0,0,0.5697,25,Review
0.9702,0,2,5,2,9,0,1,0.8379,17,Clean
0.1861,0,2,0,1,3,0,3,0.2673,40,Block
0.8043,0,1,1,0,2,0,0,0.7395,32,Clean
0.8825,1,2,3,1,7,0,5,0.9317,18,Clean
0.8345,0,1,2,2,5,0,1,0.8147,21,Clean
0.7604,0,0,0,0,0,0,0,0.6954,11,Clean
0.7613,2,5,1,1,9,1,3,0.8104,20,Review
0.907,0,2,0,0,2,0,0,0.9942,20,Clean
0.6805,1,3,0,0,4,0,1,0.6793,18,Clean
0.1838,0,3,6,2,11,0,9,0.0877,21,Block
0.8763,0,0,0,0,0,0,0,0.787,31,Clean
0.7726,4,4,0,1,9,1,2,0.7116,41,Review
0.1704,0,3,1,1,5,0,0,0.2143,14,Block
0.55,0,0,1,1,2,0,0,0.4579,14,Review
0.9033,0,1,3,3,7,0,0,0.913,18,Clean
0.8793,3,2,3,2,10,2,4,0.7944,23,Review
0.7811,0,0,0,0,0,0,0,0.7894,16,Clean
0.8221,0,2,1,1,4,0,1,0.7604,29,Clean
0.0668,3,0,0,0,3,0,3,0.2755,20,Block
0.9526,0,0,1,1,2,0,1,0.9811,20,Clean
0.9739,3,4,3,1,11,0,0,1.0,37,Clean
0.2331,1,0,0,0,1,0,0,0.2246,32,Review
0.8358,0,0,1,1,2,0,2,0.9303,16,Clean
0.7204,2,1,0,0,3,0,2,0.8287,19,Review
0.6265,0,3,1,1,5,0,1,0.6842,38,Clean
0.4915,0,1,1,1,3,0,1,0.5139,30,Review
0.8878,1,0,1,0,2,0,1,0.8473,24,Clean
0.8937,0,2,0,1,3,0,3,0.8185,11,Clean
0.4848,0,3,0,0,3,0,0,0.4159,24,Review
0.9355,3,7,1,2,13,1,5,1.0,21,Clean
0.3672,0,0,3,1,4,0,1,0.3538,24,Block
0.7425,4,2,1,1,8,0,3,0.7137,19,Review
0.9446,0,2,0,1,3,0,3,0.8841,37,Clean
0.9226,2,2,1,1,6,0,0,0.9619,30,Clean
0.7204,0,3,0,1,4,0,1,0.7528,23,Clean
0.8282,0,0,1,1,2,0,0,0.8746,40,Clean
0.0632,0,1,1,1,3,0,1,0.0902,22,Block
0.753,3,2,0,0,5,2,1,0.6901,21,Review
0.684,0,4,0,1,5,0,0,0.7278,29,Clean
0.2428,0,1,0,1,2,0,0,0.2723,20,Block
0.9106,0,5,0,0,5,0,2,0.9214,21,Clean
0.55,0,2,0,0,2,0,0,0.5625,21,Clean
0.55,1,5,0,1,7,0,5,0.6327,23,Review
0.6515,0,1,1,3,5,0,4,0.7424,41,Review
0.2038,1,3,0,1,5,0,2,0.2525,19,Review
0.855,0,4,0,0,4,0,1,0.8654,27,Clean
0.8953,0,0,0,0,0,0,0,0.754,39,Clean
0.9223,7,1,0,1,9,4,6,0.7951,43,Review
0.7902,1,6,4,1,12,0,1,0.8503,23,Clean
0.187,1,6,1,0,8,0,0,0.1128,29,Block
0.2859,0,2,0,0,2,0,1,0.3165,27,Review
0.7047,0,3,5,3,11,0,4,0.6539,29,Review
0.7352,0,2,2,1,5,0,1,0.7345,18,Clean
0.9083,0,0,0,1,1,0,0,0.8933,25,Clean
0.2265,0,0,0,0,0,0,0,0.241,30,Review
0.5969,0,1,4,1,6,0,6,0.5424,23,Review
0.8878,0,5,0,0,5,0,1,0.8718,26,Clean
0.4297,5,3,2,0,10,3,0,0.5116,19,Block
0.6994,0,0,1,1,2,0,0,0.5878,22,Clean
0.7083,0,2,5,2,9,0,5,0.5214,15,Review
0.55,0,8,0,0,8,0,0,0.471,38,Review
0.1278,1,0,0,1,2,0,1,0.2069,19,Block
0.9186,0,1,5,3,9,0,4,0.9904,17,Clean
0.7997,0,1,3,1,5,0,0,0.7658,46,Clean
0.8209,0,3,0,0,3,0,0,0.7696,13,Clean
0.6694,0,1,0,1,2,0,1,0.663,29,Review
0.4144,0,2,0,0,2,0,1,0.4851,17,Review
0.9354,0,1,3,2,6,0,2,0.8449,29,Clean
0.8158,3,4,0,0,7,1,2,0.7945,25,Clean
0.6163,0,3,0,0,3,0,1,0.5143,23,Review
0.6877,0,1,1,0,2,0,0,0.7305,21,Clean
0.9733,0,3,4,1,8,0,3,0.9627,22,Clean
0.7643,1,3,0,0,4,1,2,0.7609,31,Clean
0.9319,7,1,1,1,10,1,4,0.7606,28,Review
0.8434,0,3,1,0,4,0,1,0.8473,29,Clean
0.9013,2,1,0,0,3,1,1,0.9,21,Clean
0.55,1,0,2,1,4,0,2,0.5435,18,Review
0.8369,1,0,4,2,7,0,2,0.8472,20,Clean
0.9273,0,1,2,2,5,0,5,0.8565,31,Review
0.7228,1,0,5,4,10,1,1,0.6945,26,Review
0.9786,2,4,0,1,7,0,2,0.8869,15,Clean
0.55,7,0,3,2,12,1,7,0.377,49,Block
0.7783,0,0,1,1,2,0,2,0.6849,26,Clean
0.2591,0,1,1,1,3,0,1,0.2139,28,Block
0.8014,1,0,0,0,1,0,0,0.8139,23,Clean
0.5929,0,1,0,0,1,0,0,0.6403,18,Review
0.7263,0,1,1,1,3,0,0,0.6698,27,Clean
0.7806,3,4,3,2,12,0,0,0.772,20,Review
0.7329,0,0,0,1,1,0,0,0.8599,17,Clean
0.1657,10,3,0,1,14,0,1,0.2596,33,Block
0.9144,0,4,6,4,14,0,1,0.9076,16,Clean
0.8321,0,0,1,1,2,0,0,0.7133,20,Clean
0.9304,0,6,0,0,6,0,1,0.9355,27,Clean
0.8758,4,1,0,0,5,3,0,0.9278,30,Clean
0.0733,0,0,0,0,0,0,0,0.1318,27,Block
0.2642,3,1,0,0,4,1,1,0.4022,22,Block
0.7389,0,0,1,1,2,0,1,0.771,16,Clean
0.7904,0,0,4,1,5,0,1,0.8018,49,Clean
0.2997,2,0,0,2,4,1,3,0.4619,21,Block
0.1572,0,3,1,1,5,0,1,0.3591,14,Block
0.8929,0,0,0,1,1,0,0,0.9523,30,Clean
0.2589,0,0,6,2,8,0,3,0.352,32,Block
0.8383,0,0,0,0,0,0,0,0.8209,30,Clean
0.9431,0,3,1,0,4,0,1,0.8675,19,Clean
0.7074,1,2,0,0,3,1,1,0.7914,24,Review
0.7316,0,0,1,1,2,0,0,0.6555,36,Clean
0.3461,5,1,5,2,13,2,1,0.3357,26,Block
0.9537,0,6,0,0,6,0,3,0.7932,28,Clean
0.55,6,1,2,1,10,0,3,0.5007,22,Review
0.7605,0,0,0,0,0,0,0,0.685,21,Clean
0.5606,0,1,1,1,3,0,1,0.6464,11,Clean
0.8845,0,2,0,0,2,0,2,0.8031,28,Clean
0.8364,2,0,0,0,2,0,0,0.7434,18,Clean
0.8787,0,0,0,0,0,0,0,0.8162,30,Clean
0.2327,7,1,0,0,8,0,0,0.319,28,Block
0.3339,1,1,0,0,2,0,0,0.3524,23,Review
0.5217,0,0,5,1,6,0,6,0.4839,9,Review
0.737,0,3,1,1,5,0,3,0.6866,25,Clean
0.7259,0,3,3,1,7,0,4,0.718,25,Clean
0.1619,1,0,5,3,9,0,0,0.3163,37,Block
0.8413,3,5,4,0,12,1,0,0.8575,17,Clean
0.8523,0,1,3,1,5,0,1,0.829,18,Clean
0.5887,0,9,2,0,11,0,2,0.5856,16,Review
0.4247,0,3,0,1,4,0,4,0.4465,20,Review
0.7714,4,0,5,6,15,2,7,0.6923,39,Review
0.9127,0,2,0,1,3,0,0,0.7546,22,Clean
0.55,1,2,1,2,6,0,1,0.5429,18,Review
0.6543,0,3,1,1,5,0,1,0.7292,27,Clean
0.3367,1,0,3,1,5,0,4,0.4388,46,Block
0.6605,2,5,3,2,12,0,8,0.6269,22,Review
0.6852,0,1,0,0,1,0,1,0.6755,20,Clean
0.8869,0,0,0,0,0,0,0,0.8123,28,Clean
0.8343,0,1,1,0,2,0,0,0.8467,13,Clean
0.7279,0,1,0,0,1,0,0,0.8255,26,Clean
0.693,2,3,1,1,7,0,0,0.7282,19,Review
0.8943,0,0,0,1,1,0,0,0.9106,25,Clean
0.8212,6,1,6,1,14,0,5,0.8121,17,Review
0.2575,0,5,4,3,12,0,0,0.4292,25,Review
0.0973,0,3,1,1,5,0,1,0.2822,26,Block
0.2874,0,0,0,1,1,0,0,0.3072,25,Review
0.05,0,1,0,1,2,0,0,0.1519,33,Block
0.9264,1,3,3,1,8,0,2,0.8665,17,Clean
0.9167,0,2,1,1,4,0,2,0.9572,14,Clean
0.4705,3,0,1,1,5,1,0,0.3558,19,Review
0.9548,0,0,0,0,0,0,0,1.0,14,Clean
0.1499,0,1,6,1,8,0,7,0.2904,21,Block
0.4919,5,0,0,1,6,1,0,0.5119,24,Review
0.2743,0,4,3,2,9,0,4,0.37,26,Block
0.9638,0,1,0,0,1,0,0,1.0,37,Clean
0.89,1,1,3,3,8,0,1,0.8052,18,Clean
0.9406,0,4,1,0,5,0,3,0.9827,22,Clean
0.1932,0,3,1,1,5,0,1,0.0878,25,Block
0.8825,1,0,0,1,2,0,2,0.8324,11,Clean
0.4787,1,2,4,2,9,0,0,0.5159,30,Review
0.2292,0,2,1,1,4,0,4,0.2638,34,Block
0.05,0,5,0,0,5,0,3,0.1308,40,Block
0.6438,2,1,3,2,8,0,2,0.7808,24,Review
0.8935,0,2,4,3,9,0,1,0.8507,21,Clean
0.836,0,1,0,1,2,0,0,0.7793,14,Clean
0.8407,0,3,0,0,3,0,1,0.8493,10,Clean
0.7906,0,1,3,1,5,0,0,0.7378,15,Clean
0.9939,2,1,3,1,7,0,3,0.8847,15,Clean
0.1543,0,8,1,0,9,0,2,0.2625,38,Block
0.55,0,0,0,0,0,0,0,0.5027,20,Clean
0.7497,0,2,5,3,10,0,4,0.6473,15,Review
0.3083,0,6,3,1,10,0,4,0.3678,37,Review
0.8554,0,1,4,4,9,0,1,0.9038,38,Clean
0.8322,0,4,0,0,4,0,2,0.7478,23,Clean
0.2445,0,0,1,1,2,0,0,0.4265,21,Review
0.7971,2,1,2,1,6,0,1,0.7508,30,Clean
0.0678,2,2,1,2,7,0,3,0.2742,19,Block
0.253,0,1,0,0,1,0,0,0.2416,32,Review
0.9311,7,3,1,0,11,2,3,0.6904,30,Review
0.2015,0,0,0,0,0,0,0,0.3096,31,Block
0.9093,0,1,4,1,6,0,1,0.8695,32,Clean
0.6258,7,3,1,0,11,1,9,0.6059,20,Block
0.5978,0,1,4,2,7,0,2,0.5896,38,Review
0.7547,3,1,0,1,5,2,0,0.7495,23,Review
0.0649,0,6,4,0,10,0,0,0.04,30,Block
0.6617,0,1,3,1,5,0,4,0.651,18,Review
0.9885,0,1,1,1,3,0,0,0.9113,18,Clean
0.385,0,1,1,0,2,0,2,0.4475,25,Review
0.55,0,0,3,1,4,0,2,0.6417,15,Review
0.9904,0,0,0,0,0,0,0,0.7795,32,Clean
0.8412,0,5,0,0,5,0,2,0.7391,29,Clean
0.9144,0,0,1,1,2,0,0,0.8799,27,Clean
0.287,0,2,3,3,8,0,4,0.3715,30,Block
0.3661,0,4,7,1,12,0,4,0.3802,34,Review
0.9941,1,2,0,0,3,0,3,1.0,22,Clean
0.9704,0,2,1,1,4,0,1,0.8227,17,Clean
0.7288,2,4,1,1,8,1,2,0.7231,26,Review
0.1984,0,0,1,1,2,0,0,0.1573,23,Block
0.4058,4,1,1,0,6,1,3,0.4423,19,Block
0.7178,0,2,0,0,2,0,0,0.6713,19,Clean
0.9292,4,0,1,1,6,2,0,0.809,26,Clean
0.0668,1,1,0,0,2,0,1,0.1791,29,Block
0.1643,0,1,2,2,5,0,1,0.1866,29,Block
0.9077,2,1,1,1,5,1,1,0.841,13,Clean
0.6256,0,1,3,0,4,0,0,0.7492,22,Clean
0.8001,5,1,0,0,6,1,0,0.7181,24,Review
0.2669,1,3,1,1,6,0,0,0.3781,45,Block
0.8607,0,4,1,1,6,0,5,0.86,18,Review
0.921,3,0,1,1,5,0,1,0.8819,28,Clean
0.1844,3,3,4,2,12,1,0,0.2679,25,Block
0.9684,0,0,0,0,0,0,0,1.0,20,Clean
0.7381,0,0,1,1,2,0,1,0.712,25,Clean
0.6999,2,1,0,0,3,0,1,0.6509,25,Review
0.2343,2,2,2,1,7,0,2,0.2814,21,Block
0.8437,0,2,4,2,8,0,0,0.7513,27,Clean
0.55,6,1,0,0,7,2,4,0.6455,27,Block
0.9624,0,0,0,0,0,0,0,0.8663,18,Clean
0.9422,6,3,1,1,11,3,2,0.8132,23,Review
0.9164,1,1,0,1,3,0,1,0.8684,21,Clean
0.6726,1,1,1,1,4,0,0,0.4556,26,Clean
0.2423,0,3,3,2,8,0,0,0.1502,34,Block
0.777,1,4,1,1,7,0,0,0.673,15,Clean
0.923,0,0,0,0,0,0,0,0.8122,49,Clean
0.1005,0,1,4,5,10,0,0,0.1961,36,Block
0.05,0,0,1,1,2,0,0,0.2432,18,Block
0.6222,2,7,5,2,16,1,6,0.5518,10,Review
0.692,1,0,3,1,5,0,1,0.5776,19,Review
0.934,0,1,5,2,8,0,0,0.9467,20,Clean
0.1228,3,1,3,2,9,0,3,0.2753,21,Block
0.845,0,1,1,1,3,0,1,0.9058,14,Clean
0.8911,0,4,2,1,7,0,5,0.8618,39,Clean
0.55,0,2,0,1,3,0,1,0.5981,40,Review
0.0983,1,1,0,0,2,0,1,0.2131,37,Block
0.9346,1,4,3,1,9,0,2,0.8967,36,Clean
0.9674,1,0,4,1,6,1,2,0.8818,32,Clean
0.881,0,0,0,0,0,0,0,1.0,37,Clean
0.8753,1,1,1,0,3,0,1,0.9731,25,Clean
0.5619,0,1,1,1,3,0,2,0.5566,50,Review
0.6433,0,0,1,1,2,0,0,0.6228,16,Clean
0.6587,0,1,1,1,3,0,0,0.5658,28,Review
0.8683,0,0,4,2,6,0,4,0.9185,20,Clean
0.8968,0,1,4,5,10,0,2,0.7102,14,Clean
0.9085,1,1,1,1,4,0,2,0.9205,13,Clean
0.8818,1,1,1,1,4,0,4,0.8875,50,Clean
0.8739,0,1,2,1,4,0,0,0.9178,39,Clean
0.3664,1,3,5,1,10,1,3,0.4274,12,Review
0.9565,4,0,0,0,4,1,1,0.8633,26,Clean
0.9513,0,2,0,1,3,0,0,0.9198,21,Clean
0.9238,0,4,0,1,5,0,0,0.8622,23,Clean
0.8677,0,2,0,0,2,0,0,0.9275,22,Clean
0.8748,1,0,0,0,1,0,1,0.8056,38,Clean
0.7001,1,0,3,1,5,0,0,0.7346,30,Clean
0.7326,0,1,2,2,5,0,2,0.7237,28,Clean
0.7459,0,10,1,2,13,0,0,0.8333,22,Clean
0.6463,3,5,1,1,10,1,0,0.6735,25,Review
0.9361,0,2,0,2,4,0,2,0.8615,20,Clean
0.8183,0,5,0,0,5,0,0,0.8184,18,Clean
0.9337,0,5,0,1,6,0,2,1.0,22,Clean
0.7628,0,1,1,0,2,0,0,0.6576,14,Clean
0.754,0,5,2,0,7,0,1,0.6458,30,Clean
0.7742,0,3,1,0,4,0,1,0.8642,21,Clean
0.9665,5,0,1,2,8,3,0,1.0,13,Clean
0.5741,0,6,4,2,12,0,7,0.5325,17,Review
0.8504,0,0,4,2,6,0,1,0.8173,23,Clean
0.4057,0,1,1,1,3,0,1,0.3695,50,Review
0.7809,2,0,0,1,3,0,0,0.6866,33,Clean
0.9575,3,1,3,2,9,1,1,0.9138,22,Clean
0.5928,4,1,7,1,13,1,2,0.5393,30,Review
0.8252,5,0,0,1,6,1,0,0.7751,36,Clean
0.6105,9,0,5,1,15,3,7,0.607,29,Block
0.5925,0,0,0,1,1,0,0,0.4688,40,Review
0.2817,0,4,0,1,5,0,5,0.4275,34,Block
0.6376,4,0,0,0,4,1,1,0.6401,16,Review
0.8264,1,3,1,1,6,0,1,0.8722,31,Clean
0.9027,0,1,0,1,2,0,0,0.8604,24,Clean
0.6425,1,7,1,2,11,0,1,0.5521,20,Review
0.9518,0,2,3,3,8,0,2,0.9326,23,Clean
0.7799,1,5,1,1,8,0,1,0.7079,20,Clean
0.7803,0,1,5,4,10,0,1,0.7199,12,Clean
0.9255,1,6,0,0,7,0,1,0.8666,21,Clean
0.9188,0,1,1,1,3,0,1,0.9261,32,Clean
0.7994,0,1,0,1,2,0,1,0.775,25,Clean
0.9231,3,1,0,0,4,1,2,0.8845,22,Clean
0.8917,7,2,0,1,10,5,3,1.0,40,Review
0.7199,0,7,2,0,9,0,1,0.6531,11,Clean
0.6274,2,3,1,1,7,1,0,0.6508,32,Review
0.8961,10,4,1,1,16,1,4,0.8543,28,Review
0.8879,0,2,1,1,4,0,1,0.8266,27,Clean
0.8618,0,1,2,2,5,0,0,0.8993,19,Clean
0.9422,0,3,3,1,7,0,2,0.9685,21,Clean
0.8525,0,5,3,1,9,0,0,0.7894,11,Clean
0.3807,2,0,2,1,5,0,0,0.3338,28,Review
0.6591,2,2,0,0,4,1,4,0.5243,24,Review
0.8488,0,3,1,1,5,0,1,0.7444,25,Clean
0.8406,0,2,1,2,5,0,2,0.8686,23,Clean
0.7115,0,1,0,0,1,0,0,0.737,22,Clean
0.1478,0,1,0,0,1,0,0,0.1709,13,Block
0.7493,0,10,0,0,10,0,0,0.7718,38,Clean
0.9745,2,0,0,1,3,1,0,0.9784,22,Clean
0.8202,1,4,1,1,7,0,2,0.7453,22,Clean
0.3222,2,3,6,1,12,0,1,0.3591,50,Block
0.4439,0,3,0,0,3,0,0,0.4061,19,Review
0.3673,4,1,0,0,5,2,2,0.4401,27,Block
0.7291,0,10,5,3,18,0,6,0.8021,14,Clean
0.1875,0,0,1,0,1,0,0,0.2294,32,Block
0.6501,1,2,0,2,5,1,0,0.6717,30,Review
0.8794,0,4,2,3,9,0,2,0.8075,8,Clean
0.1872,0,1,0,0,1,0,0,0.124,26,Block
0.797,0,3,2,1,6,0,1,0.6657,30,Clean
0.7416,0,2,1,2,5,0,5,0.8038,22,Clean
0.9567,0,0,1,1,2,0,0,1.0,26,Clean
0.4121,3,8,0,0,11,0,2,0.4745,14,Review
0.7575,0,2,1,0,3,0,0,0.7069,20,Clean
0.2011,3,1,3,2,9,1,1,0.3021,30,Block
0.8119,0,1,2,1,4,0,3,0.8342,18,Clean
0.4719,0,7,1,1,9,0,1,0.5667,28,Review
0.897,1,0,1,1,3,0,0,0.9013,19,Clean
0.9461,0,1,1,2,4,0,0,0.8467,20,Clean
0.8126,0,2,0,1,3,0,1,0.6581,23,Clean
0.9287,2,4,3,1,10,1,5,0.8509,30,Clean
0.8039,0,1,0,1,2,0,1,0.7003,47,Clean
0.6099,0,12,1,0,13,0,0,0.5422,32,Review
0.8934,1,3,1,0,5,0,2,0.8705,21,Clean
0.7498,1,1,1,0,3,0,1,0.6849,24,Clean
0.3735,0,0,0,0,0,0,0,0.3318,13,Review
0.1033,0,3,1,0,4,0,0,0.2011,18,Block
0.9377,0,0,1,1,2,0,1,0.8384,27,Clean
0.3437,1,0,0,0,1,0,0,0.4126,38,Review
0.6893,1,3,5,3,12,0,3,0.7298,23,Review
0.8761,0,0,7,2,9,0,8,0.8572,40,Clean
0.8835,0,1,1,1,3,0,1,0.7992,36,Clean
0.7181,0,0,2,1,3,0,1,0.6484,44,Clean
0.8044,1,1,0,0,2,0,2,0.8355,24,Clean
0.8383,5,1,0,0,6,2,0,0.9031,50,Clean
0.7771,0,7,0,1,8,0,0,0.6563,26,Clean
0.8575,0,2,0,0,2,0,2,0.7416,45,Clean
0.9624,6,0,6,2,14,1,3,1.0,18,Review
0.7351,0,3,3,2,8,0,2,0.6201,22,Clean
0.8236,1,2,1,1,5,0,1,0.6233,29,Clean
0.05,0,5,0,0,5,0,1,0.162,18,Block
0.4221,0,1,0,0,1,0,0,0.5466,12,Review
0.8111,7,5,1,3,16,2,1,0.7677,21,Review
0.2494,0,8,0,0,8,0,1,0.4162,31,Review
0.7599,0,4,1,2,7,0,0,0.8189,31,Clean
0.8714,0,1,0,0,1,0,0,0.8243,12,Clean
0.8462,0,8,0,1,9,0,4,0.8897,17,Clean
0.9765,6,1,1,1,9,2,2,0.8961,20,Clean
0.8514,0,1,0,0,1,0,0,0.8159,29,Clean
0.9775,0,1,1,2,4,0,1,0.906,43,Clean
0.8023,1,2,0,0,3,0,0,0.884,14,Clean
0.8272,1,1,3,2,7,0,4,0.7636,21,Clean
0.55,0,4,4,3,11,0,1,0.57,16,Review
0.8723,0,1,0,0,1,0,0,0.8992,23,Clean
0.7846,2,3,3,1,9,0,4,0.6866,30,Review
0.896,9,0,0,1,10,2,0,0.9252,23,Review
0.6331,0,1,0,0,1,0,1,0.7196,26,Clean
0.7416,0,0,4,2,6,0,1,0.6538,24,Clean
0.9474,3,1,0,2,6,0,6,0.9482,30,Clean
0.7526,10,2,1,1,14,5,2,0.5051,22,Block
0.6664,0,1,1,1,3,0,1,0.6141,23,Clean
0.6722,6,2,1,0,9,4,6,0.6279,25,Block
0.1229,0,0,5,5,10,0,1,0.2208,34,Block
0.4817,0,1,1,0,2,0,0,0.5906,14,Review
0.6547,0,3,3,1,7,0,3,0.6598,18,Review
0.3006,2,5,1,0,8,1,2,0.4078,30,Block
0.9701,2,0,2,1,5,1,1,0.981,30,Clean
0.4431,0,0,0,1,1,0,0,0.4831,14,Review
0.0662,8,2,0,2,12,1,3,0.0614,38,Block
0.9068,0,5,0,2,7,0,1,0.8924,18,Clean
0.1641,0,0,0,1,1,0,0,0.2658,22,Block
0.684,0,1,0,1,2,0,0,0.618,18,Clean
0.9256,0,0,0,0,0,0,0,0.8444,15,Clean
0.9395,0,1,0,0,1,0,0,0.8223,43,Clean
0.9089,0,2,4,2,8,0,0,0.8363,29,Clean
0.1301,4,1,3,1,9,1,5,0.3626,35,Block
0.343,0,2,0,0,2,0,1,0.3893,34,Review
0.7824,2,1,1,1,5,1,0,0.7777,34,Clean
0.8513,2,1,0,0,3,1,1,0.6614,33,Clean
0.6833,0,0,0,0,0,0,0,0.6589,35,Clean
0.8702,0,2,0,2,4,0,2,0.7396,30,Clean
0.7558,0,1,1,2,4,0,1,0.7342,19,Clean
0.8498,0,3,0,0,3,0,3,0.7788,30,Clean
0.8945,4,2,0,1,7,2,1,0.9131,31,Clean
0.2878,0,3,0,0,3,0,3,0.3327,23,Review
0.6885,0,0,0,0,0,0,0,0.7064,42,Clean
0.347,0,0,4,1,5,0,5,0.3982,50,Block
0.8989,0,8,6,2,16,0,6,0.8479,21,Clean
0.3329,0,4,1,1,6,0,0,0.4671,19,Review
0.3683,0,2,0,0,2,0,1,0.3785,24,Review
0.3911,0,1,6,2,9,0,0,0.5477,29,Review
0.7849,2,4,6,2,14,0,2,0.797,17,Review
0.9628,0,2,0,0,2,0,0,0.8238,30,Clean
0.7911,0,0,0,0,0,0,0,0.7848,27,Clean
0.9484,6,2,3,3,14,1,2,0.791,28,Clean
0.2779,2,2,1,2,7,0,1,0.3282,28,Block
0.882,5,3,0,1,9,1,2,0.8582,17,Clean
0.7845,0,0,2,2,4,0,0,0.9121,21,Clean
0.9298,4,1,3,2,10,1,3,0.8298,48,Clean
0.3375,4,2,2,0,8,1,1,0.2801,34,Block
0.7992,0,1,4,1,6,0,1,0.7962,16,Clean
0.9248,0,0,0,1,1,0,0,0.8379,19,Clean
0.8247,0,7,0,0,7,0,1,0.6966,20,Clean
0.6685,4,3,3,3,13,1,3,0.6677,41,Review
0.6408,0,5,1,0,6,0,2,0.5126,15,Clean
0.8418,0,1,0,0,1,0,0,0.8643,22,Clean
0.5792,0,0,0,2,2,0,1,0.4728,39,Review
0.4842,5,1,0,0,6,1,0,0.4369,18,Review
0.3075,1,0,1,2,4,0,1,0.4303,12,Review
0.3951,1,0,1,1,3,0,0,0.5309,43,Review
0.7861,4,1,4,2,11,0,2,0.6925,44,Review
0.6597,1,3,1,2,7,0,3,0.5999,41,Review
0.763,0,3,2,1,6,0,3,0.6824,30,Clean
0.7632,0,0,2,2,4,0,4,0.6731,46,Clean
0.3039,0,6,1,1,8,0,0,0.3516,50,Block
0.6821,0,3,4,2,9,0,7,0.7953,36,Review
0.3727,6,3,4,1,14,1,2,0.3695,26,Block
0.7177,0,1,1,2,4,0,0,0.7024,31,Clean
0.9505,0,0,0,1,1,0,0,0.965,17,Clean
0.6194,0,2,0,1,3,0,0,0.7208,31,Clean
0.9354,0,0,6,0,6,0,1,0.8632,11,Clean
0.7094,2,2,4,1,9,1,0,0.6498,8,Review
0.6974,0,0,4,3,7,0,1,0.5933,16,Clean
0.7689,1,1,0,0,2,0,1,0.8002,35,Clean
0.6248,0,0,3,1,4,0,3,0.4451,21,Review
0.7212,1,0,7,5,13,0,3,0.7743,34,Clean
0.2591,5,3,1,1,10,0,0,0.2049,20,Block
0.8653,0,3,4,2,9,0,1,0.7274,21,Clean
0.7214,0,0,4,1,5,0,3,0.7563,36,Clean
0.8904,0,3,2,2,7,0,1,0.8881,40,Clean
0.9661,0,0,2,1,3,0,0,0.7837,24,Clean
0.8692,0,2,0,1,3,0,0,0.8948,19,Clean
0.8351,0,4,0,1,5,0,1,0.8163,23,Clean
0.2292,0,0,2,1,3,0,1,0.2691,28,Block
0.8626,0,2,0,0,2,0,1,0.7746,31,Clean
0.8451,7,3,0,0,10,3,4,0.8641,28,Review
0.4126,5,1,4,3,13,1,3,0.4059,26,Block
0.8851,1,12,1,0,14,0,1,0.899,15,Clean
0.8809,3,7,0,0,10,1,4,0.8781,16,Clean
0.8409,9,1,3,1,14,1,4,0.832,29,Review
0.887,0,1,0,0,1,0,0,0.8225,20,Clean
0.8832,0,0,5,3,8,0,1,0.864,25,Clean
0.0678,0,2,0,0,2,0,2,0.2529,28,Block
0.9019,1,2,1,2,6,0,6,0.8475,14,Clean
0.348,1,5,4,2,12,0,1,0.3848,22,Review
0.9798,8,2,0,0,10,3,5,0.9609,40,Review
0.8202,1,4,1,1,7,0,5,0.7434,30,Clean
0.8027,0,4,1,1,6,0,1,0.7558,32,Clean
0.7881,0,2,4,3,9,0,3,0.8713,21,Clean
0.7007,0,2,4,2,8,0,5,0.5412,18,Review
0.55,0,2,4,1,7,0,2,0.4724,11,Review
0.5807,5,1,5,1,12,0,0,0.4592,17,Review
0.3872,0,2,1,1,4,0,3,0.4199,24,Review
0.3305,8,5,1,2,16,2,4,0.1728,17,Block
0.05,5,3,5,3,16,1,1,0.1969,19,Block
0.8785,0,1,1,0,2,0,0,0.8093,23,Clean
0.7143,1,3,0,0,4,0,2,0.6087,18,Clean
0.8592,4,1,1,0,6,1,0,0.8603,41,Clean
0.7849,0,6,0,0,6,0,1,0.7304,19,Clean
0.9638,0,0,0,2,2,0,1,0.9535,38,Clean
0.7478,2,1,1,0,4,0,1,0.7073,25,Clean
0.7347,0,1,1,2,4,0,0,0.6254,25,Clean
0.8892,3,10,1,0,14,2,3,0.7936,16,Review
0.1839,0,4,1,0,5,0,0,0.1701,20,Block
0.0931,0,0,1,1,2,0,1,0.0652,40,Block
0.7458,8,5,1,0,14,0,5,0.7782,17,Review
0.253,0,3,5,3,11,0,1,0.2581,30,Block
0.8282,0,7,5,1,13,0,7,0.8394,27,Clean
0.8572,10,1,2,1,14,1,6,0.8449,28,Block
0.1119,2,0,0,1,3,0,1,0.2932,37,Block
0.6048,0,0,0,1,1,0,1,0.5827,22,Clean
0.8882,0,0,0,1,1,0,0,1.0,35,Clean
0.774,0,1,1,1,3,0,1,0.6544,23,Clean
0.1108,0,0,0,0,0,0,0,0.2449,25,Block
0.7791,3,2,1,1,7,0,5,0.8011,26,Review
0.05,0,4,1,1,6,0,3,0.0953,22,Block
0.7902,5,7,4,1,17,1,11,0.8421,21,Review
0.2111,3,1,0,2,6,2,2,0.2845,18,Block
0.8899,0,4,1,1,6,0,6,0.853,16,Clean
0.6917,3,0,1,0,4,1,0,0.7063,22,Clean
0.9603,7,1,4,3,15,2,4,0.9831,15,Review
0.931,10,1,2,1,14,2,3,0.8621,23,Review
0.1566,0,2,0,0,2,0,0,0.315,34,Block
0.3572,0,1,0,0,1,0,0,0.4672,12,Review
0.55,0,4,5,4,13,0,4,0.6785,36,Review
0.8315,0,3,0,1,4,0,0,0.8097,25,Clean
0.1131,0,5,1,2,8,0,2,0.2261,15,Block
0.1478,0,1,3,2,6,0,1,0.175,19,Review
0.7955,1,1,1,1,4,0,4,0.7239,29,Clean
0.8834,1,2,0,1,4,0,0,0.8474,38,Clean
0.5889,2,2,0,1,5,0,2,0.7203,22,Review
0.9109,1,0,4,1,6,0,5,0.9023,25,Clean
0.9021,1,5,0,1,7,0,0,0.8379,35,Clean
0.6772,7,0,3,1,11,4,2,0.5858,18,Block
0.4143,0,2,1,1,4,0,0,0.4958,27,Review
0.7985,0,1,0,0,1,0,1,0.8148,28,Clean
0.8244,0,4,4,2,10,0,1,0.9157,20,Clean
0.6229,0,1,0,0,1,0,0,0.5764,26,Clean
0.3053,0,7,1,1,9,0,0,0.3292,20,Review
0.9086,3,0,5,4,12,1,1,0.9118,30,Clean
0.7876,4,1,1,1,7,1,1,0.6754,21,Review
0.8516,0,0,1,1,2,0,0,0.9157,41,Clean
0.5998,0,2,0,0,2,0,1,0.5622,26,Review
0.7187,4,4,6,4,18,1,2,0.8114,25,Review
0.7528,2,5,1,0,8,1,0,0.6686,17,Review
0.4014,0,2,3,3,8,0,3,0.3432,22,Review
0.7007,9,1,4,2,16,1,3,0.6643,31,Block
0.8883,0,4,2,1,7,0,1,0.985,18,Clean
0.944,0,2,0,0,2,0,1,1.0,17,Clean
0.7616,2,5,0,1,8,0,2,0.8182,27,Clean
0.9171,1,0,3,2,6,0,1,0.9114,27,Clean
0.9288,0,0,1,1,2,0,0,0.9889,38,Clean
0.8955,0,3,5,1,9,0,2,0.9438,28,Clean
0.2575,5,1,5,2,13,1,2,0.3928,24,Block
0.1234,0,1,0,1,2,0,2,0.198,38,Block
0.8286,0,2,0,1,3,0,0,0.7048,23,Clean
0.8954,2,3,0,1,6,0,1,0.9116,22,Clean
0.6851,0,3,0,0,3,0,0,0.6938,22,Clean
0.7343,4,1,1,1,7,2,2,0.6678,29,Review
0.8505,1,1,1,1,4,0,2,0.8598,26,Clean
0.9312,8,3,3,2,16,4,0,0.9437,29,Review
0.851,0,7,2,2,11,0,1,0.8341,27,Clean
0.8316,4,3,0,0,7,1,1,0.9261,21,Clean
0.9381,0,1,0,1,2,0,0,0.8242,14,Clean
0.886,3,0,4,1,8,1,0,0.8957,20,Clean
0.413,0,3,7,2,12,0,1,0.529,22,Review
0.8925,0,2,2,1,5,0,1,0.9918,44,Clean
0.6573,1,2,0,2,5,0,3,0.6102,19,Clean
0.3485,0,4,1,0,5,0,1,0.3279,43,Review
0.0654,1,2,7,2,12,0,5,0.04,20,Block
0.6466,0,4,1,1,6,0,1,0.4753,32,Review
0.2617,7,0,1,1,9,0,2,0.3418,22,Block
0.9754,4,0,1,0,5,2,1,0.961,16,Clean
0.55,0,1,1,1,3,0,1,0.727,50,Clean
0.9201,0,3,0,0,3,0,0,0.9227,29,Clean
0.7186,0,2,0,0,2,0,2,0.7048,17,Review
0.5384,0,0,0,1,1,0,1,0.7497,27,Review
0.9025,0,1,1,0,2,0,1,0.7727,17,Clean
0.8656,3,3,5,1,12,0,4,0.8357,24,Clean
0.8293,0,1,1,1,3,0,0,0.6704,31,Clean
0.8256,3,1,5,1,10,0,1,0.869,26,Clean
0.8876,0,1,0,1,2,0,0,0.7883,28,Clean
0.9571,3,2,0,0,5,1,1,0.9012,18,Clean
0.8031,0,3,0,3,6,0,0,0.6263,35,Clean
0.625,0,3,0,0,3,0,3,0.659,34,Review
0.1218,0,0,0,0,0,0,0,0.2085,30,Block
0.55,0,3,0,2,5,0,0,0.5499,16,Review
0.804,6,9,6,3,24,1,7,0.7242,31,Review
0.05,6,1,0,1,8,4,2,0.0683,21,Block
0.5079,0,4,0,1,5,0,1,0.4886,16,Review
0.6441,0,2,1,1,4,0,4,0.5498,31,Clean
0.8283,0,3,0,0,3,0,1,0.9309,43,Clean
0.8763,6,0,0,0,6,2,1,0.9218,50,Review
0.8805,0,1,1,0,2,0,2,0.966,42,Clean
0.8053,0,3,2,1,6,0,2,0.8501,27,Clean
0.6377,0,4,0,0,4,0,1,0.6216,30,Clean
0.6335,0,0,0,1,1,0,0,0.5739,25,Review
0.7667,0,2,1,1,4,0,1,0.7564,42,Clean
0.8965,1,0,0,1,2,1,0,0.847,22,Clean
0.3067,2,0,0,1,3,0,2,0.3839,34,Review
0.55,0,10,0,1,11,0,2,0.5106,18,Review
0.8015,0,5,3,3,11,0,4,0.8463,22,Clean
0.083,10,2,0,0,12,0,2,0.267,22,Block
0.572,4,1,0,0,5,1,1,0.6488,44,Review
0.82,0,7,0,1,8,0,1,0.7721,16,Clean
0.4406,0,0,5,1,6,0,4,0.6766,20,Review
0.8897,0,1,0,0,1,0,0,0.9194,18,Clean
0.8477,1,0,6,2,9,0,0,0.8446,18,Clean
0.8284,0,3,0,0,3,0,0,0.9112,29,Clean
0.8481,0,2,5,4,11,0,7,0.9211,21,Clean
0.9234,4,3,4,2,13,1,0,0.9783,31,Clean
0.6979,0,2,4,3,9,0,3,0.7286,24,Clean
0.4648,0,4,0,1,5,0,3,0.4039,26,Review
0.6773,1,2,3,1,7,0,1,0.6569,26,Review
0.7799,1,5,0,1,7,1,0,0.7467,35,Clean
0.55,3,5,5,1,14,1,4,0.5018,30,Review
0.4624,3,0,1,0,4,0,1,0.4064,17,Review
0.9788,2,2,1,1,6,0,1,0.9212,17,Clean
0.978,0,1,5,3,9,0,2,0.9441,17,Clean
0.1213,6,1,0,2,9,2,1,0.1197,34,Block
0.7345,0,4,1,1,6,0,0,0.7676,25,Clean
0.7844,1,4,3,1,9,0,1,0.6873,32,Clean
0.3032,0,3,0,0,3,0,1,0.4439,17,Review
0.6412,0,0,0,0,0,0,0,0.5572,23,Clean
0.4693,0,0,3,2,5,0,0,0.4081,16,Review
0.7453,6,0,0,0,6,1,0,0.7806,22,Review
0.1391,1,8,4,1,14,0,7,0.1719,23,Block
0.1288,0,5,3,1,9,0,1,0.2157,29,Block
0.9478,8,4,0,1,13,5,1,0.7645,30,Review
0.7177,1,1,1,1,4,0,4,0.7133,35,Review
0.8578,3,4,0,0,7,0,2,0.8424,16,Clean
0.8172,0,0,4,3,7,0,2,0.7467,43,Clean
0.9201,0,3,1,0,4,0,1,0.903,23,Clean
0.9039,0,1,0,2,3,0,0,0.9453,34,Clean
0.426,0,1,4,3,8,0,3,0.5213,26,Review
0.55,0,1,0,1,2,0,2,0.5956,13,Review
0.6435,0,0,4,2,6,0,1,0.6253,20,Clean
0.2807,3,7,3,1,14,1,2,0.4219,20,Block
0.6123,2,0,1,2,5,1,2,0.7249,21,Review
0.3627,3,7,1,0,11,0,2,0.3924,24,Block
0.8408,3,3,0,0,6,1,1,0.781,24,Clean
0.55,0,1,0,1,2,0,0,0.61,26,Review
0.112,0,0,0,0,0,0,0,0.3346,14,Block
0.746,0,1,1,0,2,0,1,0.7873,24,Clean
0.7582,0,6,0,0,6,0,4,0.716,27,Clean
0.866,0,2,0,1,3,0,0,0.7594,19,Clean
0.1625,0,1,3,1,5,0,1,0.2581,32,Block
0.3515,0,6,1,1,8,0,1,0.3939,32,Review
0.243,1,1,1,1,4,0,0,0.3261,12,Review
0.9742,2,2,0,0,4,0,3,0.8697,24,Clean
0.8277,3,7,1,1,12,0,1,0.9058,39,Clean
0.8533,6,1,0,1,8,0,2,0.8097,18,Review
0.9165,1,1,0,0,2,0,1,0.8848,23,Clean
0.8603,1,1,5,3,10,0,2,0.7855,32,Clean
0.5538,2,1,0,0,3,0,1,0.5577,21,Review
0.8142,0,3,5,1,9,0,0,0.8664,23,Clean
0.603,1,1,1,0,3,0,1,0.7194,15,Review
0.7453,0,0,0,0,0,0,0,0.6677,20,Clean
0.2879,1,2,1,1,5,0,2,0.3696,22,Review
0.6922,5,2,5,3,15,1,7,0.6359,27,Review
0.9529,0,4,0,0,4,0,0,0.9249,22,Clean
0.2949,0,2,1,1,4,0,0,0.3291,22,Review
0.9031,1,1,2,1,5,0,1,0.7969,34,Clean
0.8467,9,6,0,0,15,3,0,0.8749,38,Review
0.8137,4,8,5,2,19,0,13,0.787,16,Review
0.8149,1,2,0,1,4,0,4,0.76,20,Clean
0.6334,2,3,0,1,6,1,2,0.5509,26,Review
0.7281,0,0,0,2,2,0,1,0.54,10,Clean
0.8672,1,1,0,0,2,0,0,0.758,31,Clean
0.907,0,0,0,0,0,0,0,0.8398,17,Clean
0.0725,5,2,0,1,8,2,4,0.1529,13,Block
0.87,4,5,0,0,9,0,4,0.7809,15,Clean
0.66,3,0,5,4,12,1,2,0.56,21,Review
0.767,6,9,5,2,22,3,14,0.7818,17,Block
0.8422,0,1,0,0,1,0,0,0.9949,30,Clean
0.7882,0,1,2,2,5,0,1,0.7189,14,Clean
0.3712,1,4,0,2,7,0,4,0.5931,30,Review
0.1594,2,3,0,0,5,0,0,0.206,23,Block
0.55,0,3,0,1,4,0,0,0.5273,29,Review
0.2868,0,0,0,1,1,0,0,0.2151,41,Review
0.7472,0,1,5,2,8,0,5,0.7055,23,Review
0.7098,2,1,0,3,6,0,1,0.6475,14,Review
0.5517,1,2,0,0,3,0,1,0.5713,38,Review
0.9186,1,0,1,1,3,0,0,0.8123,30,Clean
0.6658,0,3,1,1,5,0,0,0.7936,23,Clean
0.9381,0,5,1,0,6,0,1,0.8077,28,Clean
0.9327,0,1,3,0,4,0,0,0.8941,16,Clean
0.9105,4,1,3,1,9,1,2,0.8902,40,Clean
0.2819,7,4,0,0,11,1,3,0.327,18,Block
0.9199,2,6,0,0,8,1,1,0.8366,20,Clean
0.7191,0,3,3,0,6,0,1,0.6752,19,Review
0.6977,0,2,3,2,7,0,2,0.754,21,Clean
0.6948,0,1,6,1,8,0,1,0.8068,16,Review
0.924,0,1,4,1,6,0,2,0.8331,30,Clean
0.7664,4,1,4,3,12,0,1,0.9381,29,Clean
0.0648,2,1,4,2,9,0,2,0.04,20,Block
0.9209,0,3,1,1,5,0,2,0.9299,18,Clean
0.3864,0,2,0,0,2,0,0,0.3698,37,Review
0.8674,2,0,0,0,2,0,0,0.7633,33,Clean
0.9852,0,2,0,0,2,0,0,0.9123,30,Clean
0.6051,0,1,2,1,4,0,3,0.6435,50,Review
0.5267,5,2,5,2,14,1,6,0.5189,28,Block
0.7777,0,1,5,2,8,0,4,0.6721,20,Clean
0.9025,5,0,0,0,5,0,2,0.9435,23,Clean
0.3206,0,1,0,0,1,0,1,0.3574,31,Review
0.8717,0,1,1,1,3,0,1,0.8701,28,Clean
0.7186,1,2,0,0,3,0,1,0.7633,38,Clean
0.9338,0,2,4,2,8,0,1,0.7816,29,Clean
0.8678,1,2,0,1,4,1,0,0.9796,13,Clean
0.2483,1,0,1,0,2,0,0,0.2957,29,Review
0.2505,0,1,1,1,3,0,2,0.2572,34,Review
0.6863,0,0,0,0,0,0,0,0.7444,26,Clean
0.8342,1,1,0,0,2,0,1,0.7934,24,Clean
0.55,0,1,0,0,1,0,0,0.6721,16,Review
0.8958,0,9,2,2,13,0,0,0.7776,10,Clean
0.7166,0,4,1,1,6,0,0,0.6153,16,Clean
0.4367,0,3,1,0,4,0,0,0.4153,31,Review
0.55,3,5,1,1,10,2,3,0.4396,37,Review
0.3514,1,3,5,1,10,0,2,0.314,21,Review
0.6439,0,4,1,1,6,0,3,0.4746,37,Review
0.9195,0,3,0,0,3,0,0,0.7889,29,Clean
0.7081,0,1,1,1,3,0,2,0.7262,21,Clean
0.7033,3,3,0,2,8,1,2,0.7579,22,Review
0.7124,2,1,3,1,7,1,3,0.6372,45,Review
0.55,0,2,1,1,4,0,4,0.5582,30,Review
0.55,7,0,0,0,7,3,1,0.6446,50,Block
0.1556,0,1,0,1,2,0,0,0.1288,17,Block
0.8712,3,4,1,1,9,3,3,0.9466,34,Review
0.28,0,3,3,1,7,0,2,0.3601,35,Block
0.7505,3,5,2,2,12,0,3,0.8494,21,Review
0.5173,0,2,2,2,6,0,4,0.5443,21,Review
0.833,5,0,0,0,5,1,1,0.8822,12,Review
0.5183,0,6,0,0,6,0,2,0.6298,33,Review
0.6903,0,1,0,0,1,0,0,0.724,32,Clean
0.2624,0,1,1,1,3,0,1,0.3856,24,Block
0.6998,0,0,0,1,1,0,0,0.7167,23,Clean
0.911,0,1,2,1,4,0,2,0.7942,29,Clean
0.3943,0,1,1,1,3,0,1,0.3656,46,Review
0.9388,0,3,1,2,6,0,1,0.7787,28,Clean
0.957,0,2,2,1,5,0,0,0.86,30,Clean
0.6415,0,1,1,0,2,0,0,0.7514,36,Clean
0.9175,0,11,1,0,12,0,0,0.9408,34,Clean
0.8681,0,6,1,1,8,0,2,0.7372,26,Clean
0.203,0,2,0,0,2,0,0,0.2952,20,Review
0.1281,0,4,0,0,4,0,1,0.3683,23,Block
0.6659,1,0,5,1,7,1,5,0.684,49,Review
0.6774,3,0,1,0,4,1,1,0.6572,31,Clean
0.8752,0,2,0,0,2,0,1,0.8434,34,Clean
0.1244,0,6,4,0,10,0,6,0.1512,17,Block
0.7837,0,1,0,1,2,0,1,0.7957,34,Clean
0.8798,0,3,5,3,11,0,2,0.798,20,Clean
0.6276,4,1,4,2,11,0,4,0.6985,13,Review
0.8415,3,4,3,2,12,0,1,0.7012,31,Clean
0.55,0,0,3,1,4,0,0,0.4805,28,Review
0.9423,0,1,3,2,6,0,1,0.8536,49,Clean
0.2967,0,1,1,1,3,0,1,0.1864,36,Review
0.8977,0,5,1,4,10,0,1,0.8411,13,Clean
0.7789,0,1,1,1,3,0,0,0.755,43,Clean
0.1377,0,2,1,1,4,0,2,0.1527,17,Block
0.4872,0,1,7,2,10,0,7,0.3705,19,Block
0.1273,1,2,0,0,3,0,0,0.1493,15,Review
0.0934,4,5,0,1,10,1,5,0.1329,27,Block
0.8579,2,0,1,2,5,0,0,0.8127,30,Clean
0.7228,0,5,0,0,5,0,1,0.7658,26,Clean
0.891,0,1,1,0,2,0,2,0.856,28,Clean
0.8677,0,7,5,3,15,0,6,0.9553,32,Clean
0.7766,0,0,0,1,1,0,0,0.84,41,Clean
0.8935,4,2,6,2,14,0,6,0.8038,50,Review
0.8775,2,1,1,1,5,1,5,0.7951,24,Review
0.8256,2,1,0,0,3,1,3,0.891,39,Review
0.8654,1,4,5,2,12,0,1,0.9248,17,Clean
0.9739,0,1,4,1,6,0,4,0.9046,18,Clean
0.8237,0,2,0,0,2,0,0,0.7717,19,Clean
0.9345,0,5,1,1,7,0,4,0.8446,16,Clean
0.8793,1,0,0,0,1,0,0,0.8632,40,Clean
0.8063,0,1,0,0,1,0,1,0.7606,32,Clean
0.7514,2,2,0,1,5,0,3,0.6764,32,Clean
0.6689,5,1,3,2,11,1,5,0.6599,29,Block
0.9398,0,0,3,1,4,0,1,1.0,15,Clean
0.8972,1,1,2,0,4,0,4,0.9005,16,Clean
0.8883,1,3,1,1,6,0,2,1.0,32,Clean
0.9461,0,1,4,3,8,0,1,0.8634,24,Clean
0.4769,0,0,1,1,2,0,2,0.7165,26,Review
0.9754,0,4,1,2,7,0,2,0.9017,18,Clean
0.6778,0,1,2,1,4,0,0,0.8502,15,Clean
0.8993,0,1,0,0,1,0,1,0.9739,20,Clean
0.9537,1,1,1,0,3,1,2,1.0,37,Clean
0.606,0,1,4,0,5,0,1,0.5342,16,Review
0.9141,2,1,3,1,7,0,0,1.0,47,Clean
0.7487,0,2,0,0,2,0,1,0.7006,17,Clean
0.8062,0,2,1,1,4,0,0,0.7453,26,Clean
0.2988,0,0,3,1,4,0,2,0.3595,12,Block
0.8891,0,0,0,1,1,0,1,0.8942,35,Clean
0.9213,3,4,0,1,8,1,1,0.8775,25,Clean
0.1314,0,1,1,1,3,0,0,0.2049,24,Block
0.05,1,2,0,0,3,0,1,0.1271,28,Block
0.7768,0,12,1,1,14,0,4,0.6513,28,Clean
0.7083,1,1,0,0,2,0,0,0.7679,37,Clean
0.8687,0,2,1,1,4,0,4,0.8273,42,Clean
0.6341,0,5,1,0,6,0,0,0.6031,15,Clean
0.6283,0,1,6,3,10,0,0,0.5499,35,Review
0.8327,0,1,1,1,3,0,2,0.9371,22,Clean
0.7568,0,1,4,2,7,0,3,0.8051,17,Clean
0.8468,2,0,1,0,3,1,1,0.8029,48,Clean
0.8103,0,1,1,1,3,0,0,0.8612,19,Clean
0.925,4,3,3,1,11,0,5,1.0,44,Clean
0.9095,2,0,1,1,4,0,4,0.9382,26,Clean
0.5816,0,5,5,1,11,0,0,0.5651,24,Review
0.8262,2,0,0,0,2,0,0,0.8643,33,Clean
0.9259,8,1,1,0,10,1,0,0.9706,35,Clean
0.8271,0,0,3,2,5,0,1,0.8812,50,Clean
0.6592,4,0,0,0,4,1,0,0.465,15,Review
0.5667,0,1,0,0,1,0,0,0.5869,28,Review
0.8726,0,1,1,0,2,0,1,0.8951,50,Clean
0.6719,0,4,0,0,4,0,1,0.6003,27,Clean
0.3213,0,1,0,1,2,0,1,0.4189,40,Review
0.8291,0,2,0,1,3,0,2,0.82,26,Clean
0.2501,0,1,0,0,1,0,0,0.4682,28,Review
0.2709,0,1,5,2,8,0,2,0.3173,32,Block
0.7061,0,1,4,1,6,0,2,0.7064,21,Review
0.4321,0,3,1,1,5,0,0,0.5201,46,Review
0.7405,10,0,0,0,10,0,6,0.7403,28,Review
0.8805,7,6,1,1,15,0,5,0.7331,10,Review
0.3386,2,3,6,1,12,1,2,0.2961,24,Block
0.8354,0,1,1,1,3,0,2,0.7877,32,Clean
0.747,0,2,5,0,7,0,4,0.6726,25,Clean
0.2586,3,4,3,2,12,1,4,0.4552,31,Block
0.8925,0,1,0,1,2,0,1,0.8707,37,Clean
0.8188,3,0,1,0,4,0,1,0.6355,14,Clean
0.6881,0,1,0,0,1,0,0,0.7094,25,Clean
0.6829,8,12,5,1,26,2,6,0.4542,16,Block
0.7054,1,5,1,1,8,0,3,0.6534,34,Review
0.55,0,2,2,1,5,0,5,0.5845,30,Review
0.8094,5,4,0,0,9,0,0,0.681,34,Review
0.7682,0,1,1,1,3,0,1,0.7833,47,Clean
0.9648,1,0,5,4,10,0,0,1.0,21,Clean
0.9693,2,1,3,2,8,1,5,0.8948,18,Clean
0.05,9,0,0,0,9,4,0,0.0823,18,Block
0.6892,0,0,4,3,7,0,2,0.7623,28,Review
0.8907,4,1,1,1,7,0,1,0.8295,12,Clean
0.7774,0,1,0,2,3,0,0,0.7903,14,Clean
0.0835,0,1,0,0,1,0,0,0.1561,24,Block
0.8419,0,0,0,0,0,0,0,0.8205,39,Clean
0.9702,6,1,0,1,8,1,1,0.9139,23,Clean
0.7208,0,1,1,1,3,0,3,0.8472,29,Clean
0.05,1,4,3,2,10,0,1,0.2579,23,Block
0.8643,2,2,5,2,11,0,5,0.8805,19,Clean
0.8398,3,4,4,0,11,0,5,0.6557,20,Review
0.9304,0,0,4,5,9,0,3,0.8715,31,Clean
0.8931,1,2,3,1,7,0,0,0.9075,26,Clean
0.44,6,2,1,1,10,1,6,0.4367,41,Block
0.9741,0,2,0,0,2,0,0,0.8971,36,Clean
0.8729,0,5,2,0,7,0,1,0.7831,20,Clean
0.7446,0,4,1,1,6,0,3,0.6351,23,Review
0.8725,0,1,5,2,8,0,5,0.7797,19,Clean
0.7331,0,4,0,0,4,0,3,0.7034,32,Clean
0.5617,2,1,0,2,5,0,0,0.5518,33,Review
0.8939,0,1,1,2,4,0,1,0.8684,24,Clean
0.6742,0,0,0,1,1,0,0,0.5048,22,Clean
0.2008,0,0,2,1,3,0,1,0.2864,18,Block
0.9654,0,0,0,0,0,0,0,0.9017,15,Clean
0.8834,1,4,0,0,5,0,3,0.8305,48,Clean
0.928,2,0,5,2,9,1,5,0.9887,23,Clean
0.8598,0,1,5,3,9,0,4,0.8263,30,Clean
0.8569,0,2,1,0,3,0,2,0.8884,18,Clean
0.7408,1,1,3,2,7,0,2,0.7134,45,Review
0.7252,7,1,0,0,8,2,0,0.6479,28,Review
0.9067,3,0,5,2,10,2,1,0.9809,32,Clean
0.8705,6,1,1,0,8,1,1,0.7784,27,Review
0.8171,0,2,0,1,3,0,0,0.6995,35,Clean
0.5916,3,1,1,1,6,1,2,0.5957,14,Review
0.0533,0,1,3,1,5,0,2,0.0697,14,Block
0.55,0,1,5,3,9,0,4,0.6306,16,Review
0.9109,9,1,1,0,11,1,3,0.8635,37,Review
0.2518,0,0,0,0,0,0,0,0.4237,37,Review
0.164,0,1,3,2,6,0,0,0.2371,28,Block
0.1222,2,0,1,1,4,1,1,0.2179,34,Block
0.9501,0,4,1,0,5,0,2,0.7589,50,Clean
0.9017,0,0,0,0,0,0,0,1.0,10,Clean
0.9065,0,0,3,1,4,0,0,0.8494,12,Clean
0.8817,0,1,1,2,4,0,2,0.9935,21,Clean
0.785,1,1,1,1,4,0,2,0.9049,25,Clean
0.8611,0,1,2,2,5,0,1,0.856,22,Clean
0.6794,10,5,1,0,16,6,3,0.6198,14,Block
0.427,1,1,0,0,2,0,0,0.467,17,Review
0.1781,0,0,0,1,1,0,0,0.2012,27,Review
0.55,0,5,4,1,10,0,1,0.5046,36,Review
0.2152,0,0,0,0,0,0,0,0.1889,25,Review
0.8643,7,2,1,1,11,1,1,0.7652,22,Review
0.8601,4,5,1,1,11,0,0,0.8797,19,Clean
0.6349,0,2,1,1,4,0,2,0.584,15,Clean
0.9327,5,2,0,0,7,2,2,0.7895,25,Clean
0.2202,3,2,4,3,12,0,0,0.3436,32,Block
0.8083,1,2,1,1,5,0,1,0.6823,23,Clean
0.9479,0,0,2,3,5,0,0,0.9518,32,Clean
0.05,1,0,0,0,1,0,0,0.1494,32,Block
0.8059,1,5,0,0,6,0,4,0.6861,18,Clean
0.66,1,0,0,0,1,0,0,0.6938,34,Clean
0.8813,0,3,8,0,11,0,0,0.9909,23,Clean
0.9493,0,0,4,1,5,0,5,0.7893,29,Clean
0.1475,5,2,3,2,12,0,8,0.342,32,Block
0.7884,0,1,1,1,3,0,1,0.8239,13,Clean
0.7007,3,4,0,0,7,0,4,0.7773,25,Review
0.5157,0,1,0,0,1,0,0,0.3466,17,Review
0.8331,1,1,4,1,7,1,3,0.9285,27,Clean
0.55,4,1,0,0,5,1,1,0.5216,17,Review
0.8812,0,4,1,1,6,0,0,0.7595,30,Clean
0.1699,0,2,0,0,2,0,0,0.2017,17,Block
0.8503,1,1,0,1,3,0,1,0.7315,26,Clean
0.3058,2,4,6,2,14,0,1,0.1227,31,Block
0.5709,4,2,3,0,9,0,3,0.6207,17,Review
0.112,0,1,0,0,1,0,1,0.1331,30,Block
0.9432,0,4,1,1,6,0,2,0.8737,42,Clean
0.55,4,5,3,1,13,0,1,0.5705,15,Review
0.9213,3,0,0,2,5,0,2,0.8093,22,Clean
0.7942,4,0,0,1,5,3,4,0.7229,28,Review
0.945,1,0,1,0,2,0,1,0.9499,17,Clean
0.55,1,2,1,2,6,0,2,0.4311,39,Review
0.5676,0,3,4,4,11,0,3,0.6301,50,Review
0.397,0,1,1,0,2,0,1,0.431,50,Review
0.8088,0,1,0,0,1,0,1,0.8329,34,Clean
0.99,1,2,0,1,4,0,1,0.8697,23,Clean
0.8795,0,0,3,2,5,0,0,0.9091,23,Clean
0.8238,0,0,0,1,1,0,0,0.7943,15,Clean
0.25,0,3,0,0,3,0,0,0.2823,34,Review
0.7776,1,1,4,2,8,0,3,0.8053,33,Clean
0.6769,2,3,7,2,14,1,0,0.6469,14,Review
0.8356,0,1,0,0,1,0,0,0.767,30,Clean
0.093,2,1,0,1,4,1,1,0.1496,23,Block
0.8704,9,0,1,1,11,2,2,0.8712,43,Review
0.7706,1,2,3,1,7,0,0,0.732,24,Clean
0.8928,2,2,0,0,4,0,2,1.0,30,Clean
0.8459,3,1,1,0,5,0,3,0.9126,24,Clean
0.0625,0,1,4,2,7,0,2,0.04,14,Block
0.6227,0,1,4,4,9,0,1,0.4933,30,Review
0.8967,0,4,0,0,4,0,1,1.0,25,Clean
0.5765,0,2,1,2,5,0,1,0.739,18,Review
0.6257,1,0,5,1,7,0,4,0.4888,22,Review
0.8273,0,1,0,0,1,0,0,0.7468,48,Clean
0.7107,0,1,1,1,3,0,0,0.8305,23,Clean
0.1168,1,1,1,2,5,0,2,0.1145,15,Block
0.9258,0,3,1,0,4,0,0,0.7496,20,Clean
0.6958,0,1,0,0,1,0,0,0.6994,30,Clean
0.6852,0,1,4,3,8,0,2,0.7497,26,Clean
0.7017,1,2,0,0,3,0,2,0.8043,29,Clean
0.8181,2,1,1,1,5,0,2,1.0,21,Clean
0.6916,1,1,1,1,4,0,1,0.839,36,Clean
0.2849,0,1,0,0,1,0,0,0.3352,33,Review
0.7063,0,3,0,0,3,0,0,0.6997,22,Clean
0.9402,3,1,3,2,9,0,1,1.0,28,Clean
0.8111,0,1,1,0,2,0,1,0.8401,30,Clean
0.9714,0,1,3,3,7,0,1,0.7914,33,Clean
0.8669,2,2,0,0,4,1,1,0.7079,25,Clean
0.9177,0,2,0,1,3,0,0,0.9767,25,Clean
0.731,2,2,1,0,5,0,2,0.8187,19,Clean
0.8513,0,3,4,4,11,0,1,0.7989,18,Clean
0.2314,3,0,4,2,9,0,0,0.2835,26,Block
0.7288,9,0,1,1,11,2,5,0.6792,35,Review
0.1412,0,1,0,0,1,0,1,0.2231,17,Block
0.43,2,0,3,2,7,0,1,0.483,15,Review
0.8846,0,1,1,1,3,0,0,0.8287,30,Clean
0.8408,5,0,0,0,5,1,0,0.8495,26,Review
0.8477,5,0,4,2,11,1,9,0.8517,13,Block
0.0977,0,2,0,0,2,0,0,0.2123,22,Block
0.787,4,3,1,0,8,1,5,0.8865,30,Review
0.4932,3,6,3,1,13,0,1,0.5625,19,Review
0.8711,0,2,5,3,10,0,5,0.8848,32,Clean
0.8681,0,0,3,0,3,0,0,0.9892,15,Clean
0.9527,1,1,5,3,10,0,0,0.8559,26,Clean
0.1494,0,0,0,0,0,0,0,0.04,20,Block
0.8503,0,0,2,1,3,0,1,1.0,13,Clean
0.8507,10,0,0,2,12,1,1,0.8073,16,Review
0.7512,0,2,1,1,4,0,1,0.7238,21,Clean
0.8339,10,0,5,1,16,5,0,0.8374,39,Block
0.7339,5,0,6,2,13,1,4,0.6229,40,Review
0.8864,1,0,1,0,2,0,0,0.8675,26,Clean
0.8063,1,0,0,0,1,0,0,0.7441,29,Clean
0.5768,0,1,1,0,2,0,0,0.5005,22,Clean
0.6906,0,2,1,0,3,0,0,0.8736,20,Clean
0.8371,0,2,1,0,3,0,1,0.861,20,Clean
0.7509,0,3,0,1,4,0,0,0.7466,23,Clean
0.6669,0,3,0,1,4,0,2,0.734,15,Clean
0.6844,1,0,3,1,5,0,4,0.7803,17,Clean
0.6995,0,1,6,4,11,0,4,0.7551,36,Review
0.7817,0,4,0,0,4,0,1,0.7374,20,Clean
0.9542,4,3,4,2,13,2,4,0.9284,39,Review
0.8375,0,2,4,0,6,0,1,0.8464,26,Clean
0.861,0,5,0,0,5,0,1,0.9605,31,Clean
0.7877,0,4,1,1,6,0,1,0.6359,21,Clean
0.7464,7,1,0,2,10,2,4,0.6982,15,Review
0.9359,2,2,0,1,5,0,0,0.9303,17,Clean
0.8901,1,2,5,3,11,0,6,0.8239,23,Clean
0.55,0,1,0,0,1,0,0,0.6086,24,Review
0.1055,0,1,1,1,3,0,1,0.0604,37,Block
0.7062,0,0,3,1,4,0,2,0.692,20,Clean
0.4755,0,1,0,1,2,0,0,0.4731,29,Clean
0.757,0,0,1,1,2,0,2,0.8173,18,Clean
0.9906,1,0,5,4,10,0,6,0.8938,26,Clean
0.7945,1,11,3,2,17,0,2,0.6995,27,Clean
0.1934,0,1,1,1,3,0,1,0.2129,32,Block
0.6435,0,1,1,0,2,0,0,0.6353,28,Clean
0.8817,0,7,2,1,10,0,2,0.8121,26,Clean
0.5474,0,5,0,1,6,0,2,0.4999,25,Review
0.7,3,0,4,1,8,1,4,0.5887,17,Review
0.4103,1,2,0,1,4,0,2,0.5973,26,Review
0.4461,0,1,0,2,3,0,3,0.4457,9,Review
0.6117,4,0,1,1,6,1,2,0.6831,34,Review
0.8999,1,2,2,1,6,0,0,0.7849,24,Clean
0.55,0,1,0,1,2,0,0,0.5788,20,Clean
0.8081,2,0,4,1,7,1,2,0.8596,17,Clean
0.3722,2,2,4,1,9,0,2,0.3369,40,Review
0.6675,0,1,2,0,3,0,1,0.5295,15,Clean
0.7364,0,1,2,2,5,0,1,0.6434,21,Clean
0.845,0,0,1,0,1,0,0,0.8084,38,Clean
0.6701,1,3,1,1,6,0,2,0.6618,20,Clean
0.8553,0,0,0,0,0,0,0,0.8103,21,Clean
0.8782,0,3,0,0,3,0,0,0.8915,23,Clean
0.3037,0,3,4,2,9,0,0,0.3608,18,Review
0.972,0,0,1,0,1,0,0,0.8808,15,Clean
0.6294,0,0,1,1,2,0,1,0.6299,23,Review
0.7905,2,1,0,0,3,1,1,0.6756,16,Clean
0.3448,5,5,0,0,10,1,6,0.4927,17,Block
0.8414,0,1,0,1,2,0,1,0.744,50,Clean
0.2154,0,1,2,2,5,0,0,0.1482,28,Review
0.8315,0,2,1,0,3,0,1,0.7469,39,Clean
0.8572,0,1,2,1,4,0,0,0.7378,24,Clean
0.8384,0,0,0,0,0,0,0,0.9124,23,Clean
0.8122,4,2,1,1,8,1,1,0.9257,21,Clean
0.8235,1,0,2,0,3,0,3,0.7934,17,Clean
0.9548,0,0,1,1,2,0,2,0.9789,13,Clean
0.4528,1,0,1,1,3,0,3,0.539,22,Review
0.3803,0,1,5,2,8,0,5,0.3595,15,Review
0.4242,0,1,0,0,1,0,0,0.3841,29,Review
0.7637,0,0,2,2,4,0,0,0.7627,47,Clean
0.9296,0,0,1,1,2,0,0,0.8114,36,Clean
0.6897,1,0,1,1,3,0,0,0.6847,38,Clean
0.9446,4,1,1,1,7,1,0,0.9343,42,Clean
0.9133,0,1,0,0,1,0,0,0.8423,43,Clean
0.7301,7,5,4,1,17,2,14,0.7613,28,Block
0.0623,3,0,0,0,3,1,3,0.1626,36,Block
0.3008,0,0,0,0,0,0,0,0.2677,39,Review
0.6861,1,2,3,1,7,1,1,0.7298,26,Review
0.1724,0,1,6,4,11,0,1,0.2063,36,Block
0.8648,0,2,0,0,2,0,2,0.8063,23,Clean
0.819,1,2,5,3,11,0,6,0.7015,20,Review
0.2907,1,2,0,1,4,0,1,0.2493,21,Review
0.9014,5,1,6,5,17,2,11,0.8747,29,Block
0.3317,0,1,0,1,2,0,0,0.5301,22,Review
0.7765,0,6,1,1,8,0,4,0.759,12,Clean
0.733,0,0,0,0,0,0,0,0.6811,27,Clean
0.8751,1,2,2,1,6,0,1,0.8708,21,Clean
0.4193,0,3,3,2,8,0,5,0.5771,50,Review
0.5408,4,3,1,1,9,0,1,0.3953,31,Review
0.9289,0,5,4,3,12,0,3,0.8936,26,Clean
0.912,0,1,6,2,9,0,8,0.8632,15,Clean
0.55,2,2,0,0,4,0,2,0.5995,29,Review
0.8178,0,1,1,0,2,0,1,0.7326,19,Clean
0.8593,0,0,1,0,1,0,0,0.8666,46,Clean
0.597,0,1,4,2,7,0,5,0.7206,18,Review
0.6533,0,0,1,1,2,0,0,0.566,31,Clean
0.6905,2,1,1,1,5,1,1,0.7146,26,Review
0.5915,0,0,3,2,5,0,0,0.7161,35,Review
0.3755,1,2,1,1,5,0,1,0.3472,34,Review
0.486,1,1,2,0,4,0,1,0.5134,21,Review
0.8498,0,2,0,0,2,0,0,0.8861,13,Clean
0.2516,0,0,5,3,8,0,2,0.2305,33,Block
0.8605,0,1,3,1,5,0,1,0.8572,20,Clean
0.0909,0,1,0,0,1,0,0,0.04,42,Block
0.9142,0,0,1,2,3,0,3,0.7401,19,Clean
0.4983,0,1,0,0,1,0,0,0.6945,14,Review
0.9778,0,4,4,3,11,0,0,0.95,20,Clean
0.7402,0,1,1,1,3,0,0,0.6996,31,Clean
0.8037,0,0,4,2,6,0,3,0.7091,20,Clean
0.2854,0,0,1,2,3,0,0,0.4924,15,Review
0.177,1,2,0,1,4,0,0,0.2819,21,Block
0.6404,2,1,5,2,10,1,1,0.679,24,Review
0.05,0,0,2,2,4,0,4,0.0579,26,Block
0.6992,0,2,3,3,8,0,1,0.5881,24,Clean
0.7097,5,7,3,1,16,0,4,0.5863,36,Review
0.8328,0,1,0,0,1,0,1,0.8057,34,Clean
0.5774,0,4,4,2,10,0,1,0.5768,27,Review
0.7323,0,3,6,3,12,0,4,0.6208,29,Review
0.05,0,2,0,0,2,0,2,0.0677,30,Block
0.9844,0,3,3,2,8,0,1,0.9453,14,Clean
0.689,0,5,0,1,6,0,0,0.7209,29,Clean
0.7231,0,3,0,0,3,0,0,0.7193,23,Clean
0.2997,0,2,5,2,9,0,3,0.4352,30,Block
0.5668,0,5,0,1,6,0,0,0.6063,24,Review
0.3329,2,0,1,1,4,0,0,0.4949,38,Review
0.7056,5,0,4,1,10,1,3,0.6667,18,Review
0.3936,0,1,1,1,3,0,1,0.5431,50,Review
0.9548,1,0,0,0,1,1,1,0.8996,24,Clean
0.7822,0,0,2,0,2,0,0,0.943,30,Clean
0.05,0,2,3,2,7,0,6,0.2494,23,Block
0.9694,0,1,0,0,1,0,0,0.925,18,Clean
0.8615,3,2,1,0,6,1,0,0.804,27,Clean
0.7548,0,1,0,1,2,0,0,0.85,27,Clean
0.8839,0,1,4,2,7,0,3,0.7969,16,Clean
0.8154,0,1,0,1,2,0,0,0.7478,21,Clean
0.9664,1,0,0,1,2,0,0,0.8408,36,Clean
0.6511,0,0,0,0,0,0,0,0.5195,30,Clean
0.7804,0,1,0,1,2,0,0,0.7712,18,Clean
0.817,0,1,0,0,1,0,1,0.7657,17,Clean
0.6347,5,4,4,2,15,0,0,0.6942,24,Review
0.7593,0,5,0,0,5,0,0,0.8262,37,Clean
0.9511,3,3,0,0,6,1,2,0.8819,20,Clean
0.513,0,4,3,1,8,0,1,0.463,22,Review
0.8746,3,4,4,1,12,1,0,0.8311,23,Clean
0.8874,0,1,4,3,8,0,7,0.9797,12,Clean
0.55,6,1,1,1,9,1,2,0.5529,24,Review
0.8812,0,0,0,0,0,0,0,0.8076,22,Clean
0.7704,0,0,0,0,0,0,0,0.7233,18,Clean
0.5124,0,2,0,0,2,0,0,0.4447,18,Review
0.8069,0,7,2,1,10,0,2,0.7651,20,Clean
0.718,5,2,1,1,9,1,3,0.7513,23,Review
0.9062,1,0,1,1,3,0,0,0.69,24,Clean
0.8149,0,0,1,1,2,0,1,0.7826,33,Clean
0.7556,0,4,0,0,4,0,3,0.6643,26,Clean
0.7768,0,1,0,0,1,0,0,0.878,19,Clean
0.9584,0,0,0,0,0,0,0,0.827,17,Clean
0.8387,4,3,1,1,9,0,0,0.8594,16,Clean
0.9688,0,3,0,1,4,0,2,1.0,15,Clean
0.7533,2,2,3,3,10,0,0,0.7055,35,Clean
0.3254,0,3,0,0,3,0,1,0.5086,32,Review
0.8762,0,0,1,1,2,0,1,0.972,11,Clean
0.7886,2,1,0,1,4,1,0,0.8114,25,Clean
0.1423,3,2,1,1,7,1,4,0.2527,44,Block
0.9605,5,2,1,2,10,1,4,0.9099,19,Clean
0.6628,1,5,1,1,8,0,2,0.6904,31,Review
0.8366,2,1,0,1,4,0,0,0.7381,39,Clean
0.55,0,4,3,1,8,0,0,0.5687,25,Review
0.5727,5,5,0,0,10,3,2,0.5501,27,Review
0.2768,6,0,3,1,10,2,1,0.3489,22,Block
0.7848,0,1,3,2,6,0,3,0.8205,20,Clean
0.9351,0,0,0,0,0,0,0,1.0,20,Clean
0.8592,0,3,4,1,8,0,2,0.8481,43,Clean
0.8352,2,0,0,1,3,0,1,0.7217,10,Clean
0.7416,0,2,5,1,8,0,3,0.641,15,Clean
0.321,0,4,0,1,5,0,4,0.4175,26,Review
0.4839,1,4,1,1,7,0,2,0.5566,10,Review
0.7776,2,3,0,1,6,0,2,0.781,26,Clean
0.2271,0,3,0,1,4,0,1,0.3003,28,Review
0.8887,0,0,4,4,8,0,2,0.8765,13,Clean
0.856,0,3,3,2,8,0,1,0.8424,36,Clean
0.2082,0,0,5,3,8,0,0,0.1385,29,Block
0.7115,3,3,3,2,11,0,0,0.7596,23,Review
0.8431,0,4,5,3,12,0,2,0.8021,27,Clean
0.8025,1,1,1,0,3,0,1,0.7639,35,Clean
0.7309,0,2,0,1,3,0,0,0.6917,16,Clean
0.6367,6,3,1,0,10,1,0,0.4882,22,Review
0.8664,1,4,4,0,9,0,3,0.835,50,Clean
0.9028,1,1,1,1,4,0,3,0.9322,25,Clean
0.9859,0,3,5,2,10,0,0,1.0,20,Clean
0.8474,0,4,1,1,6,0,1,0.8513,29,Clean
0.9398,0,2,0,0,2,0,0,0.9159,34,Clean
0.8963,3,0,1,0,4,0,0,0.7834,23,Clean
0.0935,0,3,0,1,4,0,1,0.1278,12,Block
0.55,0,2,1,1,4,0,1,0.5469,33,Review
0.9552,0,1,6,2,9,0,2,0.9763,21,Clean
0.9451,2,1,0,0,3,0,0,0.7748,26,Clean
0.9532,2,2,6,3,13,1,4,0.9694,16,Clean
0.8646,0,1,1,1,3,0,1,0.9606,29,Clean
0.8844,0,1,0,0,1,0,0,0.8477,40,Clean
0.7269,5,1,1,0,7,2,0,0.6517,16,Review
0.9224,0,0,4,3,7,0,2,0.9775,23,Clean
0.7048,2,1,0,0,3,0,1,0.6867,16,Review
0.7525,8,3,1,1,13,1,4,0.5203,22,Review
0.7008,5,5,1,0,11,2,1,0.5775,21,Review
0.6575,1,0,4,1,6,0,1,0.8016,23,Clean
0.1133,0,3,0,0,3,0,1,0.1338,17,Block
0.2902,2,1,0,1,4,1,0,0.4063,28,Block
0.8394,0,2,3,2,7,0,0,0.9314,50,Clean
0.9009,0,2,0,1,3,0,3,0.8991,29,Clean
0.5413,2,0,1,2,5,0,3,0.6264,21,Review
0.8118,0,1,1,1,3,0,0,0.7908,28,Clean
0.6574,2,1,0,0,3,0,0,0.6827,33,Review
0.8586,0,0,5,3,8,0,4,0.8484,35,Clean
0.6249,0,1,3,1,5,0,0,0.5834,17,Clean
0.3606,0,1,1,1,3,0,0,0.3584,13,Review
0.8635,0,0,1,1,2,0,1,1.0,20,Clean
0.9262,2,0,0,0,2,0,2,0.9886,22,Clean
0.8647,0,2,1,0,3,0,2,0.8049,35,Clean
0.6496,0,4,0,1,5,0,2,0.6228,28,Clean
0.8358,0,2,0,0,2,0,0,0.7394,22,Clean
0.6177,2,0,0,0,2,0,1,0.625,14,Review
0.2698,0,1,1,0,2,0,0,0.2961,37,Block
0.7798,5,1,0,1,7,1,1,0.7097,42,Review
0.8474,0,1,3,0,4,0,1,0.8281,24,Clean
0.7605,2,2,0,1,5,0,2,0.7857,40,Clean
0.8348,6,2,5,1,14,0,6,0.8339,24,Review
0.5551,0,2,1,1,4,0,4,0.5303,36,Review
0.9202,0,8,1,1,10,0,2,0.8132,30,Clean
0.8423,0,4,4,3,11,0,6,0.8621,29,Clean
0.8825,0,1,1,1,3,0,0,0.8835,26,Clean
0.309,0,5,1,1,7,0,0,0.4152,39,Review
0.8032,0,2,0,0,2,0,1,0.8046,30,Clean
0.9218,0,3,0,1,4,0,0,0.8346,34,Clean
0.8732,0,0,1,1,2,0,1,0.8502,30,Clean
0.9623,1,5,3,0,9,0,1,0.8448,22,Clean
0.8095,1,2,5,2,10,0,1,0.8086,25,Clean
0.8896,0,2,0,1,3,0,0,0.9406,23,Clean
0.8022,0,2,0,0,2,0,0,0.735,19,Clean
0.6519,0,3,5,2,10,0,2,0.597,22,Clean
0.0926,3,1,4,2,10,1,1,0.2132,21,Block
0.55,1,1,0,0,2,0,2,0.6347,15,Clean
0.986,0,1,0,1,2,0,1,1.0,24,Clean
0.7033,0,2,1,1,4,0,1,0.6378,21,Clean
0.5691,3,1,0,0,4,0,0,0.5666,25,Review
0.9046,1,6,1,0,8,0,2,0.9239,21,Clean
0.7816,0,0,0,1,1,0,0,0.8582,15,Clean
0.8506,0,0,4,0,4,0,1,0.7514,50,Clean
0.9522,4,4,3,2,13,0,2,0.8463,22,Clean
0.7393,0,1,3,1,5,0,1,0.8018,16,Clean
0.3061,0,1,0,0,1,0,1,0.2624,45,Review
0.1881,4,1,0,0,5,2,1,0.2387,12,Block
0.118,0,0,4,2,6,0,1,0.2913,20,Block
0.9191,0,0,5,0,5,0,2,0.8932,14,Clean
0.8328,8,3,0,0,11,3,2,0.8651,27,Review
0.55,0,1,4,1,6,0,1,0.5845,27,Review
0.3119,1,6,1,2,10,0,4,0.3764,31,Review
0.6109,0,0,1,1,2,0,0,0.6247,34,Review
0.6967,0,6,0,0,6,0,1,0.6378,15,Clean
0.6935,0,5,3,1,9,0,4,0.5534,30,Review
0.8363,0,0,0,1,1,0,0,0.7488,18,Clean
0.8181,4,1,2,2,9,2,3,0.9544,35,Review
0.7322,0,2,1,1,4,0,1,0.7674,50,Clean
0.55,0,2,3,1,6,0,0,0.5017,24,Review
0.3636,0,3,2,1,6,0,2,0.4047,18,Review
0.8996,0,4,0,0,4,0,4,0.9216,27,Clean
0.6182,0,1,0,0,1,0,0,0.6043,18,Clean
0.6912,4,4,4,2,14,0,2,0.693,21,Review
0.7613,0,2,0,0,2,0,1,0.7216,28,Clean
0.6428,3,3,0,0,6,1,4,0.7294,41,Review
0.0619,0,2,5,3,10,0,1,0.1633,50,Block
0.7069,0,1,1,2,4,0,3,0.7419,30,Clean
0.3539,2,0,4,1,7,0,3,0.3226,26,Block
0.9165,0,2,0,0,2,0,0,0.9242,34,Clean
0.6831,0,0,5,2,7,0,5,0.7561,37,Clean
0.197,0,2,5,2,9,0,1,0.282,19,Block
0.8057,0,1,0,0,1,0,0,0.7092,25,Clean
0.7147,0,0,0,2,2,0,0,0.791,16,Clean
0.3606,0,2,1,1,4,0,1,0.3853,40,Review
0.7512,0,0,1,1,2,0,0,0.6355,14,Clean
0.5901,0,1,0,0,1,0,0,0.4957,21,Review
0.8269,0,2,0,0,2,0,0,0.8361,18,Clean
0.5042,0,0,0,0,0,0,0,0.5391,31,Review
0.8031,0,0,0,0,0,0,0,0.8006,38,Clean
0.6547,1,3,0,1,5,0,1,0.7658,20,Clean
0.7698,6,0,0,1,7,3,6,0.8232,16,Review
0.7624,6,2,0,0,8,1,4,0.8214,26,Review
0.9035,0,1,4,1,6,0,3,0.8633,9,Clean
0.7557,1,2,6,3,12,0,0,0.7544,35,Clean
0.9084,0,2,1,1,4,0,2,0.8881,23,Clean
0.8169,0,1,2,1,4,0,0,0.8043,14,Clean
0.9035,0,5,4,3,12,0,3,0.7889,17,Clean
0.9096,0,4,1,0,5,0,2,0.7852,27,Clean
0.9169,1,7,1,1,10,0,6,0.8429,34,Clean
0.8107,6,4,1,0,11,3,5,0.7883,27,Review
0.6962,0,4,0,0,4,0,0,0.7977,31,Clean
0.8842,6,4,1,0,11,1,1,0.8454,46,Clean
0.7589,0,2,1,1,4,0,1,0.7991,30,Clean
0.9214,9,1,1,1,12,1,1,0.9824,19,Review
0.718,0,1,4,1,6,0,6,0.6099,16,Review
0.7642,0,1,0,0,1,0,0,0.7197,32,Clean
0.7193,2,2,1,1,6,1,6,0.7417,19,Review
0.0503,0,1,0,0,1,0,0,0.1532,15,Block
0.05,0,0,4,2,6,0,2,0.1635,20,Block
0.8166,7,3,1,1,12,0,2,0.8378,28,Review
0.55,5,4,4,3,16,0,0,0.7576,21,Review
0.9052,1,1,3,1,6,0,1,0.8666,23,Clean
0.7942,0,1,2,1,4,0,1,0.7427,27,Clean
0.5471,0,4,1,1,6,0,2,0.5801,19,Review
0.9513,0,2,4,1,7,0,4,0.893,28,Clean
0.1141,0,0,5,1,6,0,3,0.1029,13,Block
0.9432,10,1,5,1,17,2,0,0.9328,28,Review
0.2366,0,0,0,0,0,0,0,0.3797,31,Review
0.9159,0,1,4,1,6,0,3,0.8508,20,Clean
0.55,1,3,1,1,6,0,2,0.5639,33,Review
0.2978,2,1,3,1,7,0,1,0.4735,42,Block
0.8095,2,1,1,1,5,1,3,0.8156,37,Review
0.2185,0,0,0,0,0,0,0,0.1736,23,Review
0.8646,3,1,1,3,8,0,4,0.8057,22,Clean
0.3891,7,0,0,0,7,4,1,0.4408,14,Block
0.2586,0,0,4,1,5,0,0,0.3798,14,Block
0.8363,0,3,3,1,7,0,1,0.8786,15,Clean
0.0853,0,1,0,0,1,0,0,0.1591,26,Block
0.1406,1,1,0,1,3,0,1,0.1664,22,Block
0.3598,7,0,6,3,16,1,3,0.3657,20,Block
0.7091,0,11,0,1,12,0,6,0.6469,10,Review
0.672,1,1,0,0,2,0,1,0.7257,35,Review
0.8053,4,3,0,0,7,2,0,0.9404,34,Clean
0.1483,0,0,1,1,2,0,1,0.4026,27,Block
0.9748,0,2,0,1,3,0,0,1.0,37,Clean
0.9034,8,1,5,2,16,2,1,0.8079,20,Review
0.8632,1,3,3,2,9,1,5,0.943,26,Clean
0.7471,0,9,5,3,17,0,2,0.722,20,Review
0.2272,1,2,7,1,11,0,5,0.3375,22,Block
0.626,0,1,0,0,1,0,0,0.5384,13,Clean
0.8753,1,1,0,1,3,0,1,0.8877,21,Clean
0.2237,0,1,0,1,2,0,1,0.205,25,Review
0.9582,2,1,0,1,4,1,0,0.9276,13,Clean
0.8904,0,1,5,2,8,0,3,0.8158,18,Clean
0.8776,0,1,4,2,7,0,0,0.8665,29,Clean
0.9684,7,0,4,1,12,6,5,0.9752,34,Review
0.9021,0,2,0,0,2,0,1,0.5882,40,Clean
0.6977,0,3,0,0,3,0,1,0.6467,18,Clean
0.2686,0,1,1,1,3,0,0,0.3561,27,Review
0.8882,2,2,0,0,4,0,1,0.8551,33,Clean
0.7138,7,1,0,1,9,1,1,0.8623,34,Review
0.1029,0,1,1,3,5,0,3,0.1239,14,Block
0.5734,0,1,4,2,7,0,1,0.5478,15,Review
0.8115,2,3,0,0,5,0,1,0.7358,20,Clean
0.3844,0,2,1,1,4,0,1,0.4169,23,Review
0.976,1,5,0,0,6,0,1,0.9717,29,Clean
0.8882,0,2,0,0,2,0,1,0.847,19,Clean
0.8272,0,1,0,2,3,0,2,0.8889,35,Clean
0.1549,2,2,0,1,5,0,1,0.2512,22,Block
0.6078,0,4,0,0,4,0,1,0.601,29,Clean
0.8816,0,1,3,3,7,0,0,0.6956,34,Clean
0.9102,1,2,0,0,3,1,1,0.8499,9,Clean
0.8739,0,2,1,1,4,0,2,0.8046,21,Clean
0.8503,0,0,0,1,1,0,0,0.826,31,Clean
0.6005,0,0,0,0,0,0,0,0.52,25,Review
0.8924,2,5,3,2,12,0,2,0.9757,21,Clean
0.7426,0,2,5,0,7,0,0,0.6229,39,Clean
0.7549,0,1,1,0,2,0,2,0.8032,23,Clean
0.7266,3,2,5,2,12,1,0,0.6122,11,Review
0.4055,2,4,1,1,8,1,2,0.4525,23,Block
0.9848,0,2,4,1,7,0,4,0.9642,24,Clean
0.1815,2,2,0,0,4,2,2,0.2146,34,Block
0.074,0,2,0,0,2,0,0,0.1678,14,Block
0.2697,3,5,0,1,9,0,1,0.2132,27,Review
0.1806,3,3,0,0,6,0,1,0.2333,21,Block
0.9222,0,0,0,1,1,0,0,0.7947,50,Clean
0.7025,6,1,1,0,8,2,3,0.5577,47,Review
0.7376,0,1,1,0,2,0,1,0.7784,40,Review
0.9281,1,3,3,1,8,0,0,0.9064,27,Clean
0.8384,2,1,1,1,5,1,0,0.9267,13,Clean
0.8037,2,0,5,1,8,0,2,0.732,30,Review
0.6352,0,3,1,1,5,0,1,0.6292,18,Clean
0.1381,0,4,3,1,8,0,3,0.2884,17,Block
0.2464,0,1,1,1,3,0,2,0.2895,50,Block
0.743,3,2,0,0,5,1,2,0.7808,22,Review
0.5129,1,0,0,0,1,0,0,0.4251,25,Review
0.9022,3,0,1,1,5,1,0,0.8794,14,Clean
0.6392,0,1,1,1,3,0,0,0.6129,22,Clean
0.4217,1,0,0,0,1,0,0,0.4701,22,Review
0.7898,3,0,5,3,11,0,2,0.7626,28,Review
0.6903,0,3,0,0,3,0,3,0.5922,25,Clean
0.2102,0,1,1,1,3,0,1,0.2142,26,Review
0.7843,3,2,3,4,12,0,3,0.7469,29,Clean
0.1877,0,0,0,0,0,0,0,0.3884,34,Review
0.1604,0,1,0,0,1,0,0,0.1497,15,Block
0.1281,0,0,1,1,2,0,2,0.0763,19,Block
0.2594,0,1,1,1,3,0,0,0.2563,18,Block
0.8232,0,3,4,0,7,0,1,0.7636,18,Clean
0.7444,0,1,1,1,3,0,1,0.7346,36,Clean
0.6617,0,3,1,2,6,0,6,0.8368,28,Review
0.7901,0,4,5,4,13,0,1,0.846,23,Clean
0.7465,5,1,1,1,8,0,2,0.7122,35,Review
0.0668,0,1,3,1,5,0,1,0.1013,20,Block
0.6484,0,2,0,0,2,0,1,0.6143,16,Clean
0.8814,1,5,3,1,10,0,2,0.931,23,Clean
0.8104,3,1,0,0,4,1,2,0.8247,8,Review
0.9517,0,3,1,1,5,0,0,0.832,26,Clean
0.9569,0,1,0,1,2,0,2,0.8641,14,Clean
0.8417,0,1,1,0,2,0,2,0.6822,21,Clean
0.6301,5,3,1,1,10,4,4,0.5934,27,Block
0.7387,5,0,0,0,5,1,1,0.7282,12,Review
0.4002,0,1,0,1,2,0,0,0.5606,17,Review
0.849,3,1,0,1,5,1,2,0.7965,37,Review
0.268,1,1,0,0,2,0,0,0.3006,37,Review
0.3303,6,1,6,2,15,2,6,0.3146,22,Block
0.8972,0,1,0,1,2,0,0,0.8514,20,Clean
0.2029,0,2,0,0,2,0,2,0.3381,26,Block
0.7528,0,3,1,1,5,0,1,0.8865,38,Clean
0.6583,1,1,1,1,4,0,2,0.59,39,Review
0.0891,0,2,0,0,2,0,0,0.244,27,Block
0.8152,7,1,3,1,12,3,6,0.8179,21,Block
0.9227,1,1,0,1,3,0,1,0.8145,23,Clean
0.9032,3,1,0,1,5,1,0,0.8613,26,Clean
0.1322,1,2,2,1,6,0,3,0.145,46,Block
0.9243,2,5,0,0,7,0,7,0.9439,15,Clean
0.8797,0,2,2,1,5,0,1,0.8898,10,Clean
0.8583,0,4,0,0,4,0,2,0.9024,33,Clean
0.7081,0,3,1,0,4,0,2,0.7348,13,Clean
0.5651,0,3,0,0,3,0,1,0.5362,12,Review
0.8594,2,0,2,1,5,0,1,0.7647,29,Clean
0.907,0,1,1,0,2,0,0,0.8938,31,Clean
0.946,0,1,1,1,3,0,0,0.9709,19,Clean
0.7822,4,0,0,0,4,0,0,0.7641,22,Clean
0.7684,3,0,4,5,12,1,1,0.6729,25,Review
0.8434,0,5,0,0,5,0,0,0.7014,38,Clean
0.192,1,4,0,0,5,0,3,0.1776,35,Block
0.5801,1,1,3,4,9,0,2,0.7093,19,Review
0.9479,0,2,0,1,3,0,0,0.7776,19,Clean
0.746,0,6,0,0,6,0,3,0.7343,22,Clean
0.1437,0,4,1,0,5,0,1,0.2996,29,Block
0.7931,2,3,3,0,8,1,1,0.8048,44,Clean
0.5097,0,0,1,0,1,0,0,0.5973,28,Review
0.55,1,1,1,1,4,0,0,0.5119,34,Review
0.6508,0,1,1,2,4,0,1,0.6005,25,Clean
0.7691,1,0,0,1,2,0,0,0.6313,20,Clean
0.0553,0,3,3,2,8,0,3,0.1439,19,Block
0.6916,0,2,4,3,9,0,1,0.578,20,Clean
0.6472,0,1,7,3,11,0,3,0.6412,29,Review
0.0671,3,3,1,0,7,1,1,0.1632,16,Block
0.1798,0,2,1,0,3,0,2,0.348,33,Block
0.6122,0,2,5,1,8,0,0,0.7812,44,Review
0.3514,3,2,6,2,13,0,6,0.4761,17,Block
0.1494,0,2,1,1,4,0,0,0.2163,15,Block
0.7701,0,1,1,1,3,0,2,0.5672,30,Clean
0.3108,0,2,5,1,8,0,3,0.3823,34,Block
0.8236,0,0,0,0,0,0,0,0.7585,20,Clean
0.8421,6,3,0,1,10,1,1,0.7176,16,Review
0.9042,2,0,1,1,4,1,2,0.9195,30,Clean
0.8421,0,1,1,0,2,0,0,0.8303,19,Clean
0.9204,5,1,3,1,10,2,1,0.9342,17,Review
0.8157,0,1,0,0,1,0,1,0.799,21,Clean
0.8271,0,2,2,1,5,0,4,0.8556,31,Clean
0.2589,3,3,0,1,7,1,2,0.3999,41,Block
0.8865,0,0,3,1,4,0,1,0.9075,23,Clean
0.55,0,2,3,2,7,0,4,0.5756,15,Review
0.1549,0,3,2,0,5,0,3,0.2245,33,Block
0.5679,0,1,0,1,2,0,0,0.6289,20,Review
0.243,1,0,4,1,6,0,2,0.3073,33,Block
0.2264,0,3,0,0,3,0,0,0.2438,23,Block
0.9718,1,1,0,0,2,0,0,0.81,21,Clean
0.9722,3,2,0,0,5,1,4,0.871,28,Clean
0.6085,0,6,6,1,13,0,1,0.6408,16,Review
0.9238,3,1,0,0,4,1,0,0.9202,21,Clean
0.7252,0,4,3,1,8,0,1,0.8131,37,Clean
0.9713,1,1,1,0,3,0,0,0.8471,46,Clean
0.8955,0,7,1,1,9,0,0,0.7169,28,Clean
0.7774,2,1,4,1,8,0,1,0.7296,27,Clean
0.6686,2,2,4,1,9,0,2,0.623,31,Review
0.9352,0,3,6,3,12,0,4,0.8628,27,Clean
0.1286,2,1,3,1,7,0,3,0.1628,16,Block
0.7455,0,2,4,1,7,0,1,0.8373,21,Clean
0.2573,0,0,0,0,0,0,0,0.4654,31,Block
0.7867,0,1,1,1,3,0,0,0.694,34,Clean
0.8273,0,3,4,3,10,0,1,0.8873,17,Clean
0.8489,0,5,0,0,5,0,2,0.8636,26,Clean
0.2699,0,0,5,2,7,0,3,0.4367,20,Review
0.3499,1,1,0,1,3,0,1,0.4998,20,Review
0.8278,1,4,4,3,12,0,4,0.8602,21,Clean
0.5961,0,0,3,3,6,0,2,0.5583,27,Review
0.8337,1,1,1,1,4,0,1,0.843,48,Clean
0.6503,0,3,1,1,5,0,1,0.6421,37,Review
0.5816,0,1,0,0,1,0,1,0.4724,16,Clean
0.9106,0,0,0,2,2,0,1,0.9896,42,Clean
0.9082,1,3,1,1,6,0,1,0.8866,18,Clean
0.7339,0,1,5,2,8,0,4,0.5691,31,Review
0.2271,0,3,7,3,13,0,5,0.2669,23,Block
0.1197,5,1,1,2,9,2,1,0.1805,22,Block
0.8161,0,1,4,2,7,0,4,0.9219,31,Clean
0.8823,8,0,7,1,16,1,0,0.7953,20,Review
0.8144,6,1,0,1,8,0,8,0.8314,21,Review
0.9223,0,1,1,1,3,0,3,0.9373,27,Clean
0.3557,1,2,7,4,14,0,2,0.3013,21,Block
0.9273,0,2,0,1,3,0,1,0.8245,22,Clean
0.7438,0,0,1,1,2,0,2,0.7309,46,Clean
0.1535,0,1,0,0,1,0,1,0.1807,16,Block
0.55,0,1,0,1,2,0,0,0.7673,23,Review
0.1966,10,7,1,0,18,1,0,0.4217,18,Block
0.5639,0,5,1,1,7,0,5,0.5943,31,Review
0.6409,0,1,3,3,7,0,1,0.7336,22,Clean
0.9705,0,0,0,1,1,0,1,0.9455,10,Clean
0.2239,0,1,0,0,1,0,0,0.3844,18,Review
0.3647,0,0,0,0,0,0,0,0.4901,25,Review
0.8485,0,2,0,0,2,0,0,0.8037,22,Clean
0.774,0,1,4,4,9,0,2,0.7791,25,Clean
0.73,0,0,0,1,1,0,0,0.7513,48,Clean
0.9413,0,1,4,3,8,0,2,0.9415,27,Clean
0.6711,5,0,1,1,7,0,4,0.8312,25,Review
0.2241,0,5,0,1,6,0,4,0.2526,43,Block
0.8471,0,2,2,1,5,0,4,0.7106,20,Clean
0.558,3,1,0,1,5,0,2,0.529,31,Review
0.7451,0,1,4,1,6,0,1,0.725,16,Clean
0.1003,9,1,5,0,15,2,5,0.1331,15,Block
0.8064,0,3,5,4,12,0,1,0.75,18,Clean
0.6245,0,2,0,0,2,0,0,0.6441,17,Clean
0.9398,0,1,0,0,1,0,1,0.9114,31,Clean
0.8741,0,3,0,1,4,0,0,0.8406,18,Clean
0.924,2,2,0,1,5,0,2,0.8141,16,Clean
0.7483,2,4,0,1,7,0,2,0.6677,29,Clean
0.8808,7,0,5,2,14,2,10,0.9134,14,Review
0.9432,5,1,0,0,6,1,2,0.9473,14,Clean
0.1085,0,1,2,2,5,0,5,0.2434,23,Block
0.8674,0,3,0,0,3,0,3,0.9535,18,Clean
0.4002,0,0,4,2,6,0,2,0.4784,29,Review
0.2686,0,4,0,0,4,0,1,0.3067,23,Review
0.3369,0,2,0,1,3,0,1,0.3707,25,Review
0.05,0,0,0,1,1,0,1,0.04,18,Block
0.6903,0,6,0,1,7,0,3,0.6524,22,Clean
0.8308,2,1,0,0,3,0,0,0.7078,18,Clean
0.1166,2,0,4,2,8,0,1,0.4043,38,Block
0.1433,0,0,0,0,0,0,0,0.2134,26,Review
0.8224,0,0,1,2,3,0,1,0.7731,10,Clean
0.811,2,0,0,0,2,1,0,0.7449,40,Clean
0.7478,2,2,4,1,9,0,2,0.7393,21,Clean
0.9435,0,3,0,0,3,0,0,0.7466,14,Clean
0.8046,0,2,1,1,4,0,1,0.7038,34,Clean
0.146,0,4,0,0,4,0,2,0.2702,19,Block
0.55,1,1,1,0,3,0,3,0.5929,37,Review
0.1904,1,0,1,1,3,0,1,0.2588,39,Block
0.9166,0,2,4,4,10,0,5,0.88,23,Clean
0.9076,0,0,1,1,2,0,0,0.8348,17,Clean
0.7996,0,1,0,1,2,0,0,0.8535,22,Clean
0.1859,0,0,3,2,5,0,1,0.2701,25,Block
0.5021,2,0,0,0,2,0,0,0.6288,40,Review
0.3877,0,1,0,0,1,0,0,0.4387,18,Review
0.789,3,1,0,2,6,0,2,0.6233,18,Clean
0.6389,0,0,1,1,2,0,2,0.6244,24,Clean
0.2979,0,0,0,0,0,0,0,0.2778,27,Review
0.9327,0,1,0,1,2,0,1,0.8387,42,Clean
0.6943,0,0,1,1,2,0,0,0.7146,18,Clean
0.7,0,3,4,4,11,0,4,0.7878,32,Clean
0.3401,0,1,1,2,4,0,0,0.3737,37,Review
0.901,0,0,3,2,5,0,1,0.8549,32,Clean
0.9003,1,7,1,1,10,0,3,0.8231,31,Clean
0.7039,0,1,0,1,2,0,1,0.7541,31,Clean
0.9434,0,1,0,0,1,0,0,0.9523,20,Clean
0.8169,3,1,1,1,6,0,1,0.786,13,Clean
0.2402,6,3,0,0,9,1,2,0.4067,16,Block
0.5766,1,0,0,2,3,0,3,0.5463,26,Review
0.7807,2,4,3,0,9,1,5,0.7904,33,Review
0.0828,0,3,5,1,9,0,2,0.101,25,Block
0.2532,2,0,0,0,2,1,2,0.2738,9,Block
0.55,0,1,1,1,3,0,2,0.5245,16,Review
0.4307,0,0,0,0,0,0,0,0.3401,15,Review
0.3588,0,0,3,2,5,0,1,0.3771,17,Review
0.3177,0,3,5,1,9,0,1,0.3655,20,Review
0.7309,2,2,0,0,4,1,0,0.851,24,Clean
0.9149,0,1,3,1,5,0,1,0.8679,31,Clean
0.7226,1,0,1,0,2,0,0,0.5375,18,Clean
0.7103,1,2,1,1,5,0,2,0.7193,49,Review
0.8233,0,1,0,0,1,0,1,0.922,28,Clean
0.7165,5,5,6,2,18,1,8,0.7264,25,Block
0.8667,0,2,3,1,6,0,1,0.96,23,Clean
0.9025,1,6,1,0,8,0,1,0.9185,24,Clean
0.9015,3,1,1,1,6,1,4,0.9159,17,Clean
0.3208,5,1,0,0,6,0,0,0.2623,18,Block
0.7893,0,5,1,1,7,0,2,0.6261,24,Clean
0.5854,0,2,6,4,12,0,7,0.7824,29,Review
0.8037,3,1,0,0,4,2,2,0.7592,20,Review
0.8947,1,1,3,1,6,0,3,0.879,15,Clean
0.7058,0,3,0,0,3,0,1,0.768,21,Clean
0.6684,2,5,6,2,15,0,2,0.6607,23,Review
0.8644,1,5,0,0,6,0,1,0.8963,28,Clean
0.8196,5,0,4,1,10,3,6,0.8314,21,Review
0.2587,0,0,1,1,2,0,0,0.4008,10,Block
0.4219,4,1,0,1,6,2,2,0.4207,22,Block
0.7635,1,0,1,1,3,0,0,0.8325,30,Clean
0.777,0,0,4,2,6,0,0,0.696,30,Clean
0.9522,0,0,1,0,1,0,1,1.0,24,Clean
0.7183,0,0,0,0,0,0,0,0.8149,25,Clean
0.55,0,1,0,0,1,0,0,0.564,23,Review
0.9143,0,3,0,0,3,0,0,0.9914,14,Clean
0.8662,0,12,2,1,15,0,1,0.9437,20,Clean
0.76,0,1,4,1,6,0,4,0.7236,17,Review
0.864,3,1,1,1,6,0,0,0.7736,22,Clean
0.1127,0,3,0,2,5,0,0,0.1118,22,Block
0.5844,7,1,5,3,16,1,12,0.4679,18,Block
0.7715,0,3,1,0,4,0,1,0.7385,25,Clean
0.7974,0,3,0,0,3,0,1,0.7335,20,Clean
0.2343,0,0,2,1,3,0,0,0.2337,27,Block
0.8011,0,3,0,0,3,0,0,0.8304,24,Clean
0.9212,5,0,0,0,5,0,2,0.9026,40,Clean
0.5707,2,5,0,0,7,1,5,0.5499,36,Review
0.9308,3,2,5,1,11,1,3,0.8976,19,Review
0.8614,4,4,1,1,10,1,4,0.9958,27,Review
0.9342,0,1,2,3,6,0,0,0.8523,41,Clean
0.8492,0,1,4,4,9,0,1,0.9343,19,Clean
0.7457,3,1,0,1,5,1,1,0.9449,27,Review
0.7077,0,1,2,1,4,0,2,0.6522,23,Clean
0.7944,0,0,6,3,9,0,7,0.7313,17,Clean
0.4645,0,0,3,3,6,0,4,0.5766,31,Review
0.091,4,1,0,1,6,0,5,0.1061,19,Block
0.8818,0,2,1,1,4,0,1,0.7047,37,Clean
0.9549,0,0,0,0,0,0,0,0.8299,21,Clean
0.8841,3,0,1,1,5,1,0,0.6922,30,Clean
0.0616,0,12,0,0,12,0,1,0.0875,32,Block
0.9823,0,0,1,0,1,0,0,1.0,20,Clean
0.8202,0,0,3,1,4,0,2,0.7977,19,Clean
0.8357,0,3,0,0,3,0,1,0.8418,36,Clean
0.8899,0,0,2,1,3,0,1,0.8656,24,Clean
0.7062,10,1,4,2,17,3,1,0.7388,33,Review
0.7782,4,3,1,1,9,0,5,0.6338,15,Review
0.8124,0,1,0,0,1,0,0,0.8074,25,Clean
0.8678,0,2,0,1,3,0,3,1.0,18,Clean
0.9305,0,1,1,0,2,0,0,0.7959,19,Clean
0.2301,6,1,0,1,8,1,3,0.1092,34,Block
0.8861,1,1,4,2,8,0,3,0.8756,50,Clean
0.4239,0,0,0,0,0,0,0,0.5345,20,Review
0.959,0,7,2,1,10,0,0,0.8824,18,Clean
0.9935,1,1,1,0,3,0,1,0.8398,28,Clean
0.7291,2,0,3,1,6,1,0,0.7376,28,Review
0.9505,0,1,1,1,3,0,0,0.813,15,Clean
0.8865,0,2,0,0,2,0,1,0.8832,21,Clean
0.9015,0,3,3,2,8,0,1,0.7979,18,Clean
0.9485,0,0,1,1,2,0,0,0.9623,40,Clean
0.1915,1,2,0,1,4,0,0,0.1692,31,Block
0.792,8,3,1,0,12,3,5,0.73,32,Review
0.8861,1,0,2,2,5,0,0,0.7555,21,Clean
0.55,1,1,3,1,6,0,5,0.541,16,Review
0.7212,0,0,0,1,1,0,0,0.6538,42,Clean
0.9369,2,0,3,1,6,0,2,1.0,13,Clean
0.9754,0,1,4,3,8,0,3,0.9483,22,Clean
0.9075,10,1,0,0,11,3,6,0.828,34,Review
0.6236,0,1,1,0,2,0,0,0.5337,28,Clean
0.7498,1,5,1,1,8,0,8,0.7285,29,Review
0.771,0,0,1,1,2,0,0,0.7742,19,Clean
0.8098,0,5,4,2,11,0,1,0.6727,18,Clean
0.7723,5,3,1,1,10,2,3,0.8778,16,Review
0.7967,0,0,0,0,0,0,0,0.7744,29,Clean
0.9245,0,8,2,1,11,0,4,0.9124,18,Clean
0.9437,0,8,0,1,9,0,4,0.9771,33,Clean
0.3537,9,0,0,0,9,1,3,0.4576,19,Block
0.1347,3,0,4,2,9,0,4,0.347,23,Block
0.55,0,0,1,1,2,0,2,0.4768,33,Review
0.7712,0,1,4,0,5,0,2,0.6999,43,Clean
0.8108,2,0,4,3,9,1,1,0.7572,21,Clean
0.3031,0,5,4,2,11,0,5,0.3639,13,Block
0.55,0,0,0,1,1,0,0,0.543,40,Clean
0.9253,0,1,0,1,2,0,0,0.8193,9,Clean
0.6087,9,3,2,0,14,1,3,0.7123,22,Review
0.248,0,2,1,1,4,0,1,0.2041,14,Block
0.7798,5,2,0,1,8,2,2,0.8121,50,Review
0.9082,0,2,0,0,2,0,1,0.7528,21,Clean
0.2746,1,1,5,1,8,0,2,0.3045,17,Block
0.6057,1,3,2,3,9,0,0,0.6638,15,Review
0.8402,0,0,0,0,0,0,0,0.7799,31,Clean
0.3518,0,4,1,2,7,0,3,0.4234,19,Review
0.8954,5,0,0,0,5,0,0,0.8565,14,Clean
0.5801,0,6,0,0,6,0,0,0.6472,22,Review
0.2263,10,3,1,1,15,2,0,0.3068,23,Block
0.8273,0,1,0,1,2,0,0,0.8134,19,Clean
0.7687,0,5,1,1,7,0,1,0.6583,26,Clean
0.2599,4,1,5,1,11,1,3,0.2234,31,Block
0.2125,3,1,1,0,5,0,1,0.4818,42,Block
0.2374,0,1,0,0,1,0,0,0.2293,34,Review
0.7071,0,6,0,0,6,0,2,0.6111,28,Clean
0.9701,0,0,1,2,3,0,1,0.8291,14,Clean
0.7642,0,1,0,0,1,0,0,0.6401,20,Clean
0.6353,0,1,0,0,1,0,1,0.6236,37,Clean
0.1487,0,1,0,0,1,0,1,0.3447,42,Review
0.9341,2,2,2,0,6,1,0,0.8202,36,Clean
0.6797,0,1,0,0,1,0,0,0.6808,22,Clean
0.9417,1,12,4,2,19,0,1,0.861,22,Clean
0.8474,0,2,1,1,4,0,0,0.6654,32,Clean
0.9506,0,1,2,1,4,0,0,0.9809,27,Clean
0.8557,0,0,5,2,7,0,1,0.8566,16,Clean
0.1744,0,1,3,2,6,0,1,0.3712,27,Block
0.8683,1,1,3,3,8,0,1,0.8461,17,Clean
0.8459,1,0,0,0,1,0,0,0.908,21,Clean
0.9133,3,0,4,3,10,1,0,0.9393,26,Clean
0.8718,3,0,0,0,3,1,1,0.9115,50,Clean
0.9322,0,0,4,1,5,0,0,0.8811,20,Clean
0.3847,0,2,1,2,5,0,0,0.4531,24,Review
0.8391,0,0,0,0,0,0,0,0.6854,32,Clean
0.858,0,0,0,2,2,0,0,0.7834,15,Clean
0.7975,3,2,8,6,19,1,0,0.766,27,Clean
0.9254,0,1,1,0,2,0,0,0.8288,50,Clean
0.7965,0,2,1,2,5,0,0,0.8255,29,Clean
0.4398,0,4,5,3,12,0,4,0.4644,23,Review
0.6709,2,0,4,2,8,0,2,0.6132,23,Review
0.8694,0,7,1,0,8,0,0,0.9941,35,Clean
0.7907,0,2,0,1,3,0,0,0.7083,18,Clean
0.7737,0,1,0,0,1,0,0,0.7662,31,Clean
0.7998,0,1,1,0,2,0,0,0.8087,19,Clean
0.7027,0,1,0,1,2,0,0,0.7776,25,Clean
0.8489,0,2,0,1,3,0,2,0.7245,37,Clean
0.8966,1,5,1,1,8,0,5,0.8944,26,Clean
0.3592,2,1,4,1,8,0,2,0.4468,23,Review
0.7739,4,4,1,1,10,0,2,0.9035,16,Review
0.6586,0,1,1,1,3,0,1,0.7265,35,Clean
0.6533,0,0,4,4,8,0,1,0.6777,29,Clean
0.6619,0,1,1,0,2,0,2,0.6978,40,Review
0.266,0,0,4,4,8,0,2,0.2761,12,Block
0.9633,0,1,0,1,2,0,1,0.9103,19,Clean
0.9504,0,0,0,1,1,0,0,0.8721,30,Clean
0.7869,0,9,4,2,15,0,2,0.7482,50,Clean
0.9346,0,1,0,0,1,0,0,0.8746,14,Clean
0.721,0,0,0,0,0,0,0,0.8096,20,Clean
0.8133,0,1,1,1,3,0,1,0.6204,16,Clean
0.55,0,0,4,2,6,0,3,0.5675,20,Review
0.8785,0,3,0,0,3,0,3,0.9005,24,Clean
0.7818,10,2,0,1,13,2,5,0.7762,33,Review
0.9032,2,5,5,3,15,1,3,0.8261,40,Review
0.7828,0,5,1,1,7,0,2,0.562,38,Clean
0.9132,0,1,4,2,7,0,3,0.9264,19,Clean
0.8057,0,1,4,0,5,0,1,0.8869,23,Clean
0.2989,1,6,1,1,9,0,4,0.238,21,Block
0.6788,0,2,3,2,7,0,6,0.9216,25,Clean
0.9134,2,4,0,0,6,1,1,0.8606,18,Clean
0.1623,2,1,4,2,9,1,0,0.1429,28,Block
0.8953,10,0,0,0,10,3,0,0.9236,19,Review
0.7145,0,2,2,0,4,0,1,0.7152,23,Clean
0.6448,0,9,0,1,10,0,6,0.5757,22,Review
0.4392,2,0,1,1,4,0,1,0.5455,15,Review
0.7443,0,1,0,0,1,0,0,0.7559,18,Clean
0.6328,0,2,1,1,4,0,3,0.4833,27,Clean
0.922,0,1,1,1,3,0,2,0.828,17,Clean
0.7714,0,3,1,1,5,0,1,0.7083,16,Clean
0.7989,0,2,5,1,8,0,0,0.771,27,Clean
0.1791,0,0,0,0,0,0,0,0.386,19,Review
0.8816,3,0,0,0,3,0,0,0.8177,19,Clean
0.7723,0,0,1,1,2,0,1,0.7775,33,Clean
0.05,3,2,0,0,5,0,0,0.1348,16,Block
0.8008,0,2,4,2,8,0,1,0.776,16,Clean
0.8302,0,3,1,0,4,0,1,0.7719,24,Clean
0.143,0,6,2,1,9,0,0,0.1,26,Block
0.8359,4,5,4,3,16,0,5,0.8277,31,Review
0.954,1,0,6,2,9,0,5,0.8365,19,Clean
0.7201,0,0,0,0,0,0,0,0.6897,23,Clean
0.9203,0,1,0,0,1,0,0,0.6683,29,Clean
0.6408,0,2,5,3,10,0,0,0.5661,23,Review
0.4053,0,0,0,0,0,0,0,0.3406,22,Review
0.9381,2,0,0,1,3,0,0,0.9407,50,Clean
0.8519,0,2,4,1,7,0,1,0.9292,27,Clean
0.5219,0,1,1,1,3,0,0,0.4591,12,Review
0.8881,2,0,2,1,5,0,0,0.7812,18,Clean
0.3758,0,1,2,1,4,0,0,0.3852,41,Review
0.9418,4,2,0,0,6,1,2,0.8738,24,Clean
0.877,0,1,6,3,10,0,3,0.9169,18,Clean
0.9524,0,5,2,0,7,0,2,0.9699,13,Clean
0.1636,0,1,1,1,3,0,0,0.1962,19,Block
0.2696,0,1,0,0,1,0,0,0.2345,36,Review
0.8649,0,2,1,0,3,0,1,0.883,35,Clean
0.7056,0,3,1,1,5,0,1,0.7004,20,Clean
0.6347,0,1,1,2,4,0,0,0.6778,19,Clean
0.8908,0,2,3,1,6,0,1,0.7655,25,Clean
0.6281,0,1,0,0,1,0,1,0.6598,17,Review
0.7901,1,5,4,1,11,0,3,0.6843,12,Clean
0.2362,0,1,1,1,3,0,2,0.3531,24,Block
0.9032,0,1,0,0,1,0,0,0.9766,36,Clean
0.8151,1,6,0,0,7,0,3,0.6423,33,Clean
0.8471,0,7,0,0,7,0,3,0.8524,22,Clean
0.7128,2,1,0,0,3,1,3,0.7943,22,Review
0.9852,0,2,1,0,3,0,1,0.8459,26,Clean
0.7182,0,2,4,1,7,0,1,0.5633,46,Clean
0.8717,0,0,0,0,0,0,0,0.8977,12,Clean
0.2141,0,2,1,0,3,0,0,0.3216,40,Block
0.2852,0,1,1,1,3,0,1,0.3905,23,Review
0.8499,1,3,2,1,7,0,1,0.8795,32,Clean
0.8172,0,2,1,0,3,0,0,0.752,23,Clean
0.8334,0,6,1,1,8,0,3,0.9014,21,Clean
0.6373,0,2,4,1,7,0,3,0.5707,23,Review
0.7444,1,0,0,0,1,0,0,0.8651,39,Clean
0.6846,3,0,3,1,7,1,3,0.5396,40,Review
0.8551,0,0,3,1,4,0,4,0.7796,35,Clean
0.9685,0,2,0,0,2,0,0,0.9742,21,Clean
0.2318,0,1,3,1,5,0,1,0.1436,44,Block
0.8644,0,1,4,0,5,0,3,0.8376,34,Clean
0.929,7,0,2,0,9,1,2,0.8148,23,Review
0.8596,0,1,3,1,5,0,1,0.823,25,Clean
0.8529,4,1,0,1,6,0,4,0.8201,30,Review
0.713,1,6,0,2,9,0,1,0.6756,15,Review
0.5945,0,6,1,0,7,0,5,0.6654,47,Block
0.5495,2,1,1,0,4,0,1,0.4032,18,Review
0.8692,0,1,0,1,2,0,0,0.7558,18,Clean
0.8576,4,3,1,1,9,2,3,0.9727,14,Review
0.8561,0,4,2,0,6,0,1,0.9595,26,Clean
0.9456,0,1,0,1,2,0,0,0.9124,21,Clean
0.0717,0,4,0,1,5,0,0,0.1365,26,Block
0.4759,1,0,0,0,1,0,0,0.4221,37,Review
0.1094,0,4,0,0,4,0,0,0.1864,25,Block
0.1515,0,0,6,2,8,0,5,0.2239,31,Block
0.9255,1,2,0,1,4,0,1,0.8883,19,Clean
0.8607,0,3,5,2,10,0,1,0.7819,19,Clean
0.5756,3,2,1,0,6,0,1,0.4426,24,Review
0.9563,0,1,1,0,2,0,0,1.0,26,Clean
0.2222,0,1,0,1,2,0,1,0.2108,12,Review
0.3067,0,0,1,1,2,0,2,0.2468,29,Review
0.8632,0,0,1,1,2,0,0,0.784,50,Clean
0.8658,0,1,7,2,10,0,1,0.8212,33,Clean
0.9133,1,2,4,3,10,0,4,0.7323,19,Clean
0.2839,0,1,1,2,4,0,1,0.252,35,Review
0.765,1,2,0,0,3,0,0,0.8439,17,Clean
0.7649,0,1,4,2,7,0,4,0.8843,39,Clean
0.8378,0,1,5,2,8,0,2,0.8028,33,Clean
0.8394,1,4,1,0,6,0,3,0.8147,20,Clean
0.6426,1,1,1,1,4,0,1,0.6649,24,Review
0.6645,2,2,0,0,4,0,1,0.6234,37,Review
0.814,7,2,4,1,14,2,8,0.8189,11,Review
0.715,10,1,4,2,17,3,2,0.9376,13,Block
0.7486,5,0,0,0,5,1,1,0.7044,13,Clean
0.0807,0,0,1,1,2,0,1,0.1278,24,Block
0.8112,0,3,0,0,3,0,0,0.7598,22,Clean
0.0962,0,3,0,1,4,0,0,0.1492,20,Block
0.9435,7,2,0,1,10,2,4,0.8235,21,Review
0.6288,0,1,0,0,1,0,0,0.7045,21,Clean
0.4871,3,2,4,3,12,1,4,0.4869,25,Block
0.6226,2,1,2,1,6,0,0,0.8017,37,Review
0.9424,0,1,0,1,2,0,1,0.7522,40,Clean
0.2773,2,0,1,1,4,1,0,0.4187,24,Block
0.4937,2,3,0,1,6,0,1,0.3865,14,Review
0.9209,0,3,1,0,4,0,1,0.9066,36,Clean
0.7395,0,1,1,1,3,0,0,0.6387,25,Clean
0.7939,0,1,1,0,2,0,1,0.6829,17,Clean
0.7189,0,1,0,1,2,0,0,0.7798,28,Clean
0.7921,4,4,0,0,8,3,0,0.6023,14,Review
0.7319,1,4,0,0,5,0,1,0.5974,23,Clean
0.9165,2,2,4,1,9,0,3,0.8082,16,Clean
0.7,0,5,2,4,11,0,3,0.6885,14,Clean
0.9463,0,0,0,1,1,0,0,0.9721,30,Clean
0.8363,2,1,1,1,5,0,5,0.8938,30,Clean
0.7103,2,2,0,0,4,1,2,0.7325,15,Clean
0.8795,1,2,4,1,8,0,3,0.8855,19,Clean
0.8102,0,1,1,0,2,0,1,0.6873,38,Clean
0.9062,0,0,2,1,3,0,0,0.7982,20,Clean
0.9424,0,0,0,0,0,0,0,0.8332,26,Clean
0.8166,2,3,1,1,7,0,1,0.7056,11,Clean
0.9087,0,3,0,0,3,0,1,0.9956,33,Clean
0.97,3,0,4,2,9,0,1,0.8203,29,Clean
0.5637,0,1,0,0,1,0,0,0.6583,22,Review
0.7685,0,4,6,3,13,0,5,0.6898,37,Review
0.55,0,1,2,1,4,0,1,0.5842,24,Review
0.3141,2,1,5,2,10,1,0,0.3977,50,Block
0.55,0,2,1,0,3,0,0,0.5831,22,Review
0.4632,0,1,0,1,2,0,0,0.4171,22,Review
0.8519,0,5,1,1,7,0,0,0.804,18,Clean
0.7309,0,5,1,0,6,0,2,0.6395,19,Clean
0.076,0,1,0,1,2,0,2,0.1617,24,Block
0.9548,0,3,4,1,8,0,0,0.9659,18,Clean
0.8961,0,1,0,1,2,0,0,0.7625,14,Clean
0.7735,0,1,0,1,2,0,0,0.7763,28,Clean
0.1807,0,2,1,0,3,0,1,0.2913,18,Block
0.2386,1,6,5,3,15,0,5,0.2289,23,Block
0.8049,0,2,0,1,3,0,0,0.7704,25,Clean
0.8375,0,2,5,2,9,0,5,0.6774,34,Review
0.352,0,1,2,0,3,0,1,0.2779,50,Review
0.784,0,1,2,1,4,0,3,0.7678,19,Clean
0.7077,7,0,2,0,9,1,3,0.7792,26,Review
0.1903,0,1,3,1,5,0,1,0.2617,21,Block
0.6432,0,0,5,4,9,0,3,0.5864,24,Review
0.4947,2,5,0,0,7,1,3,0.3723,24,Review
0.6065,1,3,3,2,9,0,1,0.5194,33,Review
0.1427,0,0,8,6,14,0,1,0.0618,33,Block
0.2156,0,0,4,5,9,0,0,0.3059,20,Review
0.55,0,1,1,1,3,0,0,0.6847,32,Clean
0.85,1,2,1,1,5,0,3,0.928,21,Clean
0.6781,3,0,1,2,6,0,2,0.71,28,Review
0.8247,1,2,0,0,3,0,2,0.9742,31,Clean
0.681,0,4,0,1,5,0,0,0.7466,18,Clean
0.8657,2,2,0,1,5,0,1,1.0,18,Clean
0.5664,0,0,1,1,2,0,0,0.4664,14,Review
0.8637,0,0,4,0,4,0,0,0.9197,23,Clean
0.8609,0,8,4,3,15,0,4,0.9748,14,Clean
0.5042,1,1,0,0,2,0,2,0.5036,26,Review
0.9579,5,0,0,1,6,2,0,0.7591,14,Review
0.8903,0,2,0,1,3,0,0,0.8148,31,Clean
0.1358,0,4,1,1,6,0,0,0.04,25,Block
0.55,1,3,4,1,9,0,3,0.5629,16,Review
0.9578,3,3,0,0,6,2,0,1.0,31,Clean
0.9061,0,1,7,3,11,0,4,0.9249,26,Clean
0.8171,0,1,1,0,2,0,0,0.8683,35,Clean
0.3122,0,2,0,0,2,0,0,0.2844,19,Review
0.5606,2,2,0,0,4,1,0,0.3861,25,Review
0.2823,0,1,1,1,3,0,0,0.2246,14,Review
0.8603,2,2,1,0,5,1,1,0.7466,14,Clean
0.9807,0,1,3,3,7,0,0,0.8758,14,Clean
0.8835,2,1,2,1,6,0,2,0.7392,31,Clean
0.6956,0,2,4,1,7,0,0,0.8354,16,Clean
0.868,0,5,3,2,10,0,1,0.8483,13,Clean
0.7327,1,1,1,1,4,1,1,0.8226,30,Clean
0.4729,0,2,0,0,2,0,0,0.4565,26,Review
0.3834,6,2,0,1,9,3,4,0.5628,49,Block
0.799,0,2,5,3,10,0,4,0.6548,48,Review
0.9388,0,3,4,0,7,0,2,0.8365,43,Clean
0.6315,0,0,4,4,8,0,1,0.6395,19,Review
0.7679,0,1,0,1,2,0,1,0.7109,35,Clean
0.2714,1,1,4,2,8,0,5,0.4845,22,Block
0.663,0,0,4,3,7,0,0,0.6653,25,Clean
0.6663,0,2,1,1,4,0,1,0.7902,21,Clean
0.8934,6,1,3,1,11,1,2,0.8314,17,Clean
0.9085,3,0,1,1,5,2,2,0.8508,27,Review
0.9649,1,0,0,1,2,0,1,0.9992,43,Clean
0.0618,0,1,5,4,10,0,9,0.2239,33,Block
0.2505,1,0,3,2,6,0,1,0.3045,14,Block
0.5675,2,0,0,2,4,1,0,0.564,18,Review
0.792,0,1,1,1,3,0,0,0.7395,30,Clean
0.9795,0,6,3,3,12,0,2,0.913,32,Clean
0.7695,1,1,7,4,13,0,3,0.6801,27,Review
0.9505,1,1,0,0,2,0,0,0.9819,19,Clean
0.939,1,2,7,2,12,0,8,1.0,35,Clean
0.8997,8,1,4,2,15,7,9,0.7664,23,Block
0.8273,1,2,4,1,8,0,3,0.6747,29,Clean
0.9135,0,2,0,1,3,0,1,0.8535,31,Clean
0.5328,0,2,4,2,8,0,3,0.5032,27,Review
0.8322,0,1,0,1,2,0,2,0.9288,20,Clean
0.771,1,1,6,1,9,0,1,0.8529,35,Clean
0.5843,0,2,1,1,4,0,1,0.6034,21,Review
0.2527,0,5,0,0,5,0,0,0.4999,27,Review
0.142,0,0,1,0,1,0,0,0.2938,19,Block
0.3678,0,1,4,1,6,0,0,0.3296,27,Review
0.934,6,3,0,3,12,2,1,1.0,35,Clean
0.2867,0,4,1,0,5,0,0,0.2973,20,Review
0.0919,0,0,6,2,8,0,2,0.1183,29,Block
0.9924,0,0,1,1,2,0,0,0.9706,10,Clean
0.6717,0,1,4,3,8,0,1,0.6574,27,Clean
0.8992,0,3,1,1,5,0,1,0.8711,43,Clean
0.5958,1,3,2,3,9,0,0,0.6271,15,Review
0.7738,0,1,1,2,4,0,1,0.624,37,Clean
0.9223,0,1,1,2,4,0,1,0.8977,16,Clean
0.2617,0,2,0,0,2,0,1,0.2307,13,Block
0.7515,0,2,1,0,3,0,0,0.7353,20,Clean
0.7014,0,2,0,0,2,0,0,0.6363,40,Clean
0.855,8,0,2,1,11,2,3,0.7588,22,Review
0.7108,0,0,1,1,2,0,0,0.6799,25,Clean
0.7949,0,4,4,2,10,0,0,0.8689,20,Clean
0.5937,10,2,3,2,17,4,2,0.6097,25,Block
0.619,0,1,0,0,1,0,0,0.627,21,Clean
0.8685,0,3,1,0,4,0,0,0.91,23,Clean
0.8396,0,6,1,1,8,0,0,0.7463,21,Clean
0.7,0,2,1,1,4,0,0,0.6939,13,Clean
0.9851,0,2,6,4,12,0,0,1.0,33,Clean
0.8754,0,6,0,1,7,0,2,0.8815,25,Clean
0.2307,0,1,1,1,3,0,0,0.3031,13,Review
0.2371,0,0,0,0,0,0,0,0.2372,22,Review
0.9558,2,12,1,0,15,0,7,0.7854,11,Review
0.7279,5,4,1,1,11,0,6,0.7222,26,Review
0.7049,0,3,1,2,6,0,2,0.735,16,Clean
0.6874,4,0,0,3,7,1,2,0.6394,22,Review
0.55,0,1,5,6,12,0,0,0.579,41,Review
0.9805,9,0,0,0,9,0,3,0.9909,13,Clean
0.1055,0,4,0,0,4,0,0,0.2797,20,Block
0.8022,0,1,0,0,1,0,0,0.7489,48,Clean
0.8414,0,0,2,3,5,0,1,0.8115,15,Clean
0.3376,0,4,1,0,5,0,0,0.3911,31,Review
0.2574,0,0,1,0,1,0,0,0.2751,36,Review
0.9617,10,1,4,1,16,0,1,1.0,24,Clean
0.8662,1,0,1,1,3,0,0,0.8876,31,Clean
0.8279,0,1,5,0,6,0,0,0.8253,29,Clean
0.908,0,4,0,0,4,0,4,0.9022,35,Clean
0.8654,0,2,0,1,3,0,1,0.9006,18,Clean
0.8117,0,2,0,0,2,0,1,0.7804,30,Clean
0.8732,2,3,0,0,5,0,1,0.859,23,Clean
0.7668,1,1,5,4,11,0,1,0.7557,22,Review
0.4748,3,4,4,1,12,0,5,0.5113,24,Block
0.7789,0,0,1,0,1,0,0,0.8198,28,Clean
0.2204,0,1,0,0,1,0,0,0.3531,29,Review
0.8772,0,0,4,2,6,0,3,0.9262,28,Clean
0.1662,1,1,5,0,7,1,1,0.3853,16,Block
0.1787,2,0,0,0,2,1,0,0.1885,22,Block
0.6526,0,1,0,0,1,0,0,0.5078,35,Clean
0.9351,2,5,3,1,11,0,2,1.0,38,Clean
0.4377,4,0,1,2,7,2,2,0.4761,20,Block
0.8586,0,2,5,3,10,0,2,0.7656,17,Clean
0.681,10,4,2,0,16,1,0,0.6059,18,Review
0.2881,0,1,0,0,1,0,1,0.4156,29,Review
0.2598,0,3,7,2,12,0,0,0.3392,23,Review
