completeness_score,missing_required_count,missing_optional_count,out_of_range_count,plausibility_issues,total_flags,critical_fields_missing,high_severity_flags,extraction_confidence,field_count_total,quality_score
0.9133,2,1,2,2,7,1,1,0.8837,30,0.6277
0.9106,0,2,1,1,4,0,1,0.8275,18,0.9308
0.0565,0,0,0,2,2,0,0,0.153,27,0.3609
0.9319,0,1,1,1,3,0,0,0.9727,40,0.9225
0.55,0,2,0,1,3,0,2,0.5678,21,0.6935
0.9003,1,2,6,2,11,0,0,0.8655,34,0.6506
0.8232,0,3,0,1,4,0,1,0.8173,23,0.9068
0.6778,0,4,3,1,8,0,1,0.6397,21,0.7831
0.266,1,0,4,3,8,0,2,0.3386,18,0.31
0.6591,0,2,1,1,4,0,0,0.6965,22,0.7327
0.1543,1,0,3,1,5,0,3,0.1702,24,0.3468
0.9034,0,0,1,0,1,0,0,1.0,22,0.972
0.9165,8,3,1,1,13,1,1,0.9562,23,0.4901
0.87,0,0,1,1,2,0,0,0.8452,14,0.8623
0.9659,0,2,4,1,7,0,4,0.9281,18,0.8666
0.5929,0,2,2,1,5,0,1,0.5937,24,0.7258
0.299,0,3,0,1,4,0,0,0.2407,28,0.4312
0.8685,0,2,0,1,3,0,0,0.9055,19,0.9257
0.8943,1,1,1,1,4,0,0,1.0,43,0.8277
0.7319,0,1,0,1,2,0,1,0.6564,32,0.7671
0.8291,4,1,0,0,5,0,3,0.8585,26,0.6952
0.8322,0,2,2,1,5,0,1,0.8852,37,0.8453
0.7891,0,2,1,1,4,0,0,0.8089,23,0.7945
0.8224,0,8,2,1,11,0,2,0.7938,23,0.8482
0.7399,0,5,1,1,7,0,0,0.7103,28,0.8184
0.8462,8,0,0,1,9,0,1,0.8394,25,0.6322
0.8358,1,0,1,1,3,0,1,0.798,26,0.7218
0.7166,0,0,0,0,0,0,0,0.6833,37,0.815
0.8726,0,1,3,2,6,0,3,0.7437,16,0.8035
0.1423,0,1,0,1,2,0,2,0.3106,50,0.4742
0.7321,2,1,6,6,15,1,4,0.7888,19,0.2336
0.9504,0,3,5,2,10,0,1,0.9168,22,0.7874
0.2696,0,5,1,1,7,0,1,0.2144,23,0.4057
0.9549,0,3,4,0,7,0,4,0.8829,47,0.8328
0.8708,3,0,0,1,4,0,1,0.7992,22,0.8745
0.7214,3,5,0,0,8,1,1,0.6035,17,0.4775
0.7986,0,1,0,1,2,0,0,0.7526,42,0.879
0.6821,3,4,1,0,8,1,6,0.6602,24,0.5667
0.6227,0,3,0,0,3,0,0,0.7434,35,0.7726
0.9935,0,3,0,1,4,0,0,0.9141,41,1.0
0.8279,0,0,1,1,2,0,1,0.7167,34,0.8622
0.9623,1,1,2,2,6,0,1,0.9141,22,0.8822
0.7402,0,1,1,2,4,0,0,0.8215,29,0.7546
0.9685,0,2,0,0,2,0,2,0.7808,34,0.9899
0.7729,0,1,0,1,2,0,1,0.9126,27,0.9519
0.2182,2,1,0,0,3,1,3,0.2387,33,0.1641
0.3632,0,1,0,0,1,0,1,0.4713,30,0.6803
0.9501,0,6,0,1,7,0,0,0.8914,17,0.9866
0.7594,1,2,1,1,5,0,4,0.7411,30,0.7581
0.789,0,0,3,1,4,0,0,0.7361,21,0.8829
0.55,2,2,1,1,6,0,1,0.502,16,0.6609
0.0906,0,2,1,0,3,0,0,0.1863,24,0.3151
0.7182,0,3,1,1,5,0,2,0.7427,36,0.8087
0.6085,1,0,1,1,3,0,0,0.5125,28,0.7107
0.7411,0,0,4,2,6,0,0,0.8492,21,0.7129
0.7633,3,0,1,0,4,1,2,0.6583,27,0.59
0.8221,3,1,0,0,4,0,1,0.7621,15,0.8019
0.8093,0,3,0,0,3,0,0,0.7727,30,0.9313
0.7326,0,1,1,1,3,0,0,0.7252,30,0.8817
0.9035,0,1,2,0,3,0,0,0.8335,25,0.8701
0.1506,8,1,0,0,9,1,6,0.184,28,0.0065
0.2356,2,1,1,1,5,0,5,0.2795,16,0.3742
0.112,0,2,0,1,3,0,0,0.2008,24,0.4403
0.598,1,0,5,4,10,0,1,0.5968,44,0.4175
0.89,0,0,5,2,7,0,0,0.8937,23,0.7452
0.693,0,4,0,0,4,0,1,0.7853,41,0.8367
0.55,0,1,0,0,1,0,0,0.5974,29,0.7909
0.9028,0,2,0,1,3,0,0,0.8413,39,0.9917
0.1234,0,0,1,1,2,0,0,0.2877,19,0.3238
0.7426,3,1,0,3,7,1,0,0.5854,14,0.4406
0.0758,0,0,1,1,2,0,2,0.2282,30,0.4293
0.2509,0,1,4,2,7,0,1,0.2627,26,0.2354
0.1065,0,4,1,0,5,0,2,0.1505,21,0.3688
0.6922,0,5,3,1,9,0,1,0.5294,30,0.6842
0.8996,0,3,2,1,6,0,4,0.8033,24,0.9319
0.8607,5,0,5,2,12,1,3,0.841,40,0.4411
0.7081,0,5,1,1,7,0,5,0.7706,23,0.7879
0.833,0,2,6,2,10,0,2,0.8244,39,0.6803
0.6877,3,4,0,0,7,2,1,0.6924,20,0.4681
0.9377,0,1,1,1,3,0,0,0.8078,24,0.9886
0.2125,0,4,5,4,13,0,3,0.2659,18,0.264
0.93,3,2,0,1,6,0,1,0.8395,17,0.8462
0.5157,0,0,1,1,2,0,1,0.4467,22,0.6726
0.6998,0,0,0,0,0,0,0,0.6979,25,0.8286
0.359,0,5,1,1,7,0,1,0.3782,21,0.542
0.1595,0,1,1,1,3,0,1,0.1647,31,0.3367
0.3008,0,1,2,1,4,0,1,0.4571,19,0.5071
0.8935,2,2,3,1,8,1,4,0.6349,20,0.5236
0.8037,0,1,1,0,2,0,0,0.6849,18,0.9072
0.2116,0,2,4,1,7,0,4,0.3565,22,0.4248
0.9742,2,0,0,1,3,0,1,0.9573,34,0.9366
0.6048,0,9,6,2,17,0,1,0.6651,19,0.6071
0.6516,0,0,1,1,2,0,0,0.5281,11,0.714
0.5606,8,2,4,1,15,2,2,0.609,19,0.1353
0.8467,0,1,1,1,3,0,1,0.8306,17,0.8862
0.9648,1,5,2,1,9,0,3,0.8463,18,0.9086
0.4288,0,1,0,0,1,0,0,0.3593,18,0.5497
0.97,0,2,1,1,4,0,0,0.9382,21,0.9808
0.7789,5,0,2,1,8,0,0,0.7255,28,0.5148
0.468,0,6,2,1,9,0,6,0.4855,13,0.4558
0.6661,0,0,1,1,2,0,0,0.5383,33,0.7256
0.6131,1,0,0,0,1,0,0,0.5645,50,0.6803
0.1199,0,0,4,3,7,0,0,0.2213,28,0.2904
0.192,0,0,1,1,2,0,0,0.2874,27,0.6247
0.8148,0,0,1,1,2,0,0,0.6979,13,0.8083
0.8506,7,3,0,0,10,1,2,0.9025,27,0.4708
0.4183,0,4,0,0,4,0,0,0.3955,18,0.6507
0.4668,2,3,1,1,7,0,2,0.5103,30,0.6026
0.8471,2,1,0,0,3,1,3,0.6982,24,0.6432
0.6664,0,4,0,0,4,0,0,0.7528,20,0.8165
0.7453,0,0,4,1,5,0,1,0.7665,12,0.7672
0.5916,3,4,1,2,10,2,3,0.7068,36,0.4153
0.6974,3,2,1,0,6,2,2,0.7483,24,0.3904
0.6885,1,2,1,1,5,0,4,0.5234,20,0.7128
0.1466,0,2,4,1,7,0,1,0.184,39,0.319
0.1406,7,1,0,0,8,2,7,0.1315,19,0.0
0.9014,0,2,7,1,10,0,1,0.9643,23,0.7587
0.8359,1,1,0,1,3,0,3,0.8967,31,0.8536
0.8408,1,0,3,3,7,0,0,0.9191,21,0.8234
0.8576,6,4,5,2,17,1,0,0.6909,24,0.3434
0.1842,0,2,1,1,4,0,4,0.307,20,0.461
0.1917,5,2,0,1,8,0,1,0.2292,23,0.2686
0.2863,0,0,4,2,6,0,1,0.1247,30,0.3564
0.1431,0,1,1,0,2,0,1,0.2273,36,0.2865
0.9192,0,0,1,2,3,0,2,1.0,47,0.8958
0.4406,3,2,4,2,11,0,1,0.4427,33,0.4209
0.9151,1,1,3,0,5,0,0,0.8934,23,0.7487
0.5756,1,0,2,1,4,0,1,0.5474,47,0.6881
0.7322,2,0,0,0,2,0,0,0.6119,20,0.6726
0.7426,6,0,0,0,6,0,1,0.7171,34,0.7026
0.7331,1,1,1,1,4,0,2,0.5935,16,0.7054
0.1407,6,2,0,0,8,2,1,0.2379,17,0.0506
0.4533,0,7,0,1,8,0,4,0.51,34,0.6688
0.7675,6,1,3,2,12,1,6,0.7511,27,0.2573
0.3219,3,0,0,0,3,0,1,0.4747,23,0.5972
0.9133,2,2,0,2,6,0,2,0.9494,20,0.9517
0.8356,0,1,0,0,1,0,0,0.8224,40,0.9233
0.9082,2,1,1,2,6,0,1,0.9012,25,0.8344
0.7128,0,0,0,1,1,0,0,0.7756,28,0.8325
0.7339,10,1,3,1,15,1,2,0.77,36,0.1701
0.945,0,4,4,2,10,0,5,1.0,17,0.9056
0.1499,0,1,0,2,3,0,1,0.1733,21,0.3916
0.6597,9,1,0,0,10,1,6,0.6744,29,0.3097
0.757,0,0,3,2,5,0,1,0.6664,27,0.6872
0.9304,10,2,4,0,16,1,1,0.8878,16,0.2863
0.8838,0,0,0,0,0,0,0,1.0,26,0.9382
0.8917,0,1,1,1,3,0,3,0.9108,14,0.9729
0.8839,0,0,6,5,11,0,1,0.8485,16,0.6805
0.1944,1,2,0,0,3,0,1,0.3086,25,0.5466
0.8904,0,3,0,0,3,0,0,0.9057,32,0.969
0.8686,1,9,0,0,10,0,2,0.8605,25,0.8872
0.0758,0,1,0,1,2,0,0,0.149,23,0.3802
0.8928,1,1,3,0,5,1,0,0.7175,18,0.5809
0.9209,2,7,0,0,9,0,1,0.9875,13,0.9298
0.0888,0,0,1,0,1,0,0,0.1233,43,0.3617
0.3071,7,1,1,0,9,1,2,0.3463,29,0.0981
0.221,0,1,3,2,6,0,0,0.2692,31,0.2924
0.1575,0,0,0,1,1,0,0,0.3793,32,0.4217
0.8953,0,5,0,0,5,0,0,0.8394,23,1.0
0.6466,7,0,0,0,7,6,2,0.6716,28,0.0988
0.7907,5,0,0,0,5,3,1,0.6623,20,0.3418
0.9399,0,3,2,1,6,0,1,0.984,17,0.9418
0.8805,1,1,1,1,4,0,1,0.6553,30,0.906
0.9352,0,0,0,1,1,0,0,0.8792,30,0.9224
0.322,1,3,3,2,9,0,4,0.4117,31,0.4148
0.6669,1,4,0,0,5,1,0,0.5597,26,0.5261
0.5014,0,1,1,0,2,0,0,0.4279,41,0.5382
0.2907,0,2,4,2,8,0,2,0.2873,20,0.446
0.2704,10,2,1,1,14,2,0,0.4002,20,0.0
0.4055,0,1,4,1,6,0,1,0.4714,24,0.5057
0.8524,0,3,4,0,7,0,2,0.9003,18,0.7817
0.6182,0,1,0,0,1,0,0,0.5698,18,0.7947
0.8015,1,0,0,1,2,1,0,0.7845,22,0.6316
0.55,0,0,0,0,0,0,0,0.3811,39,0.6938
0.8609,0,1,0,0,1,0,1,1.0,20,0.9308
0.9567,0,3,1,1,5,0,1,0.9897,23,0.9283
0.7543,0,4,2,3,9,0,1,0.647,13,0.8214
0.9292,1,0,1,1,3,0,1,0.9158,31,0.8886
0.55,0,1,0,1,2,0,0,0.6578,14,0.7525
0.2899,0,1,6,3,10,0,2,0.3749,41,0.3283
0.921,5,0,3,1,9,0,1,0.8465,43,0.6636
0.4616,0,5,1,0,6,0,1,0.5292,35,0.6167
0.9213,0,2,1,1,4,0,2,0.8398,50,0.9511
0.9836,0,2,0,1,3,0,2,0.9707,24,1.0
0.8667,1,3,0,1,5,0,5,0.6845,26,0.8627
0.9304,0,1,0,0,1,0,0,0.9795,20,1.0
0.7901,0,1,0,1,2,0,0,0.8571,26,0.9436
0.8345,0,0,5,2,7,0,5,1.0,16,0.8029
0.5267,1,3,0,0,4,1,4,0.5494,24,0.5286
0.9424,1,3,0,0,4,0,0,0.9492,25,0.9487
0.7165,4,1,0,0,5,0,1,0.6627,40,0.6151
0.8107,8,0,3,1,12,2,4,0.6913,50,0.3227
0.771,0,2,0,0,2,0,1,0.575,26,0.8948
0.8209,0,1,0,0,1,0,1,0.9444,16,0.934
0.2958,0,1,1,0,2,0,0,0.4204,27,0.5867
0.6533,0,2,1,1,4,0,0,0.6395,23,0.7972
0.747,0,0,4,2,6,0,1,0.5264,16,0.7242
0.66,0,0,4,1,5,0,0,0.7173,23,0.732
0.3385,0,1,6,3,10,0,2,0.4006,16,0.3296
0.2769,4,1,2,1,8,1,1,0.1448,21,0.1828
0.696,0,4,1,1,6,0,1,0.696,34,0.7199
0.7279,1,0,3,1,5,0,0,0.6499,31,0.7478
0.8643,0,1,1,0,2,0,2,0.8562,38,0.9341
0.9701,10,3,1,1,15,3,1,0.9377,17,0.3955
0.1283,7,2,1,1,11,1,2,0.2257,32,0.0436
0.7239,0,0,0,0,0,0,0,0.7862,22,0.9292
0.7791,1,0,1,1,3,0,0,0.8049,25,0.7554
0.5845,2,1,1,1,5,0,0,0.6405,23,0.5386
0.917,0,1,4,2,7,0,1,0.9259,22,0.8676
0.55,0,3,3,1,7,0,4,0.5605,26,0.5529
0.7047,1,0,1,1,3,0,1,0.7457,28,0.7634
0.3394,0,0,1,1,2,0,0,0.4577,20,0.6226
0.7181,0,0,0,1,1,0,0,0.8084,20,0.772
0.0657,0,2,1,0,3,0,0,0.1045,26,0.2295
0.8669,0,2,0,1,3,0,3,0.7829,40,0.9312
0.6787,5,2,1,2,10,0,0,0.6058,25,0.5777
0.0577,0,5,1,0,6,0,1,0.0741,20,0.3467
0.7684,2,3,0,0,5,0,0,0.8029,23,0.8209
0.4083,1,2,0,0,3,0,0,0.5469,20,0.5648
0.923,0,0,0,0,0,0,0,0.8809,18,0.9299
0.2632,1,3,3,2,9,0,2,0.4258,30,0.3904
0.8935,0,1,1,1,3,0,0,0.8948,18,0.8832
0.8735,0,3,3,0,6,0,0,0.8545,23,0.7786
0.4682,0,1,1,2,4,0,1,0.4972,18,0.6539
0.4432,0,0,4,2,6,0,3,0.3671,39,0.4823
0.6906,0,0,5,3,8,0,2,0.729,19,0.658
0.6313,0,1,1,0,2,0,1,0.6688,23,0.7074
0.6619,0,0,3,0,3,0,1,0.5833,25,0.6581
0.1211,4,1,1,1,7,1,4,0.2628,17,0.0489
0.7582,0,0,2,1,3,0,1,0.7893,21,0.7561
0.8989,0,0,4,2,6,0,1,1.0,29,0.8408
0.2445,0,2,1,1,4,0,1,0.2859,16,0.4204
0.9388,0,3,0,0,3,0,1,0.9685,24,1.0
0.7967,2,2,3,1,8,0,1,0.7253,19,0.7294
0.9224,4,0,3,1,8,0,1,0.7944,17,0.8369
0.9067,0,2,1,1,4,0,0,0.6887,16,0.8341
0.1321,0,1,1,0,2,0,1,0.218,23,0.4911
0.8844,1,1,1,1,4,0,1,0.8365,19,0.8685
0.8883,0,0,1,1,2,0,0,0.7191,21,0.8881
0.8729,0,1,4,1,6,0,2,0.8751,23,0.7381
0.8701,0,0,0,1,1,0,0,0.8419,28,0.915
0.7189,5,0,0,1,6,1,2,0.6657,27,0.5223
0.8603,0,2,1,0,3,0,0,0.885,18,0.9139
0.7824,0,1,3,2,6,0,4,0.6557,11,0.7488
0.9548,7,6,1,1,15,2,1,0.9024,34,0.4549
0.2617,0,0,1,2,3,0,0,0.3532,24,0.5788
0.8635,0,1,2,1,4,0,2,0.7384,35,0.846
0.9096,10,3,5,4,22,4,1,0.7815,15,0.0
0.8058,3,2,1,1,7,0,2,0.6742,32,0.6954
0.3946,1,0,0,0,1,0,0,0.6063,16,0.493
0.9015,2,0,0,0,2,1,1,0.9909,13,0.5459
0.3495,0,0,0,1,1,0,0,0.2433,20,0.5216
0.9134,1,2,0,0,3,1,0,0.9184,29,0.8345
0.178,0,2,1,1,4,0,0,0.3059,21,0.4544
0.8739,0,1,5,2,8,0,4,0.958,25,0.7166
0.9223,0,0,0,0,0,0,0,0.8978,19,0.9521
0.55,0,3,0,0,3,0,1,0.4987,16,0.789
0.8813,2,2,1,1,6,0,1,0.9163,26,0.8575
0.929,0,1,0,1,2,0,2,0.8756,47,0.9706
0.4787,0,1,1,0,2,0,1,0.6252,31,0.672
0.6742,0,2,1,2,5,0,4,0.6271,19,0.7501
0.7599,0,1,0,0,1,0,0,0.8396,23,0.9241
0.7063,0,2,2,0,4,0,0,0.8099,19,0.8211
0.8646,0,0,0,2,2,0,0,0.7947,22,0.9162
0.1218,4,4,1,1,10,1,6,0.1507,27,0.0301
0.8247,2,2,4,1,9,0,2,0.8728,22,0.7469
0.1751,0,4,4,0,8,0,1,0.2111,22,0.3056
0.7628,0,0,5,2,7,0,2,0.806,22,0.7624
0.0857,0,0,0,0,0,0,0,0.1487,27,0.3305
0.2069,0,3,1,2,6,0,2,0.3754,27,0.4528
0.8421,1,1,0,0,2,0,1,0.9105,28,0.9097
0.8692,10,2,0,0,12,1,2,0.9021,20,0.3293
0.05,1,7,1,1,10,1,1,0.1033,32,0.2049
0.804,0,1,4,2,7,0,2,0.6789,16,0.8121
0.603,0,0,5,3,8,0,3,0.6502,38,0.5379
0.8787,2,4,1,0,7,0,2,0.8186,19,0.8825
0.6793,0,6,0,1,7,0,1,0.5275,35,0.8002
0.819,0,2,6,1,9,0,0,0.701,25,0.5266
0.8277,0,2,5,2,9,0,1,0.7371,20,0.7319
0.7164,3,0,4,1,8,0,1,0.7552,31,0.6018
0.9418,0,4,0,1,5,0,1,0.8574,11,0.9753
0.7526,0,1,4,2,7,0,0,0.7347,16,0.6457
0.2137,4,0,0,0,4,0,1,0.1825,13,0.3391
0.8339,1,0,5,4,10,0,7,0.9203,47,0.6777
0.7768,0,2,4,2,8,0,1,0.6893,19,0.7854
0.1373,0,0,0,0,0,0,0,0.2679,17,0.4957
0.6659,0,2,5,2,9,0,7,0.6682,27,0.6213
0.799,0,3,6,1,10,0,2,0.8319,18,0.7935
0.8988,2,1,4,2,9,0,9,0.9388,33,0.7209
0.55,3,0,1,1,5,1,1,0.5264,21,0.3636
0.2754,0,2,1,1,4,0,0,0.3158,28,0.358
0.9705,0,1,1,1,3,0,0,1.0,32,1.0
0.8407,1,1,4,2,8,0,3,0.8259,30,0.7921
0.2565,0,1,4,2,7,0,6,0.4058,16,0.4617
0.7945,0,1,0,0,1,0,1,0.7007,26,0.9126
0.2015,0,5,0,1,6,0,2,0.1717,23,0.4806
0.8897,5,0,0,0,5,2,1,0.957,34,0.5846
0.8394,0,1,2,2,5,0,0,0.745,16,0.8089
0.0657,2,3,1,1,7,0,4,0.0487,26,0.2677
0.2889,0,0,0,0,0,0,0,0.2262,25,0.5451
0.7941,2,3,2,1,8,0,5,0.7029,25,0.8228
0.4377,9,2,1,0,12,3,3,0.343,27,0.0289
0.8615,0,3,7,3,13,0,0,0.8777,19,0.6762
0.8272,0,0,1,1,2,0,0,0.5992,29,0.8089
0.9021,1,1,1,1,4,0,4,0.9707,16,0.8786
0.8648,4,2,0,0,6,2,0,0.8203,20,0.6848
0.8477,0,0,0,0,0,0,0,0.8624,34,0.9582
0.1859,0,10,4,2,16,0,4,0.1741,27,0.3253
0.7438,2,1,1,2,6,0,0,0.6791,26,0.7038
0.253,0,4,0,0,4,0,0,0.3462,15,0.459
0.6774,2,1,4,0,7,0,2,0.8898,25,0.6535
0.7971,0,3,5,0,8,0,1,0.7023,35,0.7751
0.8907,0,7,6,4,17,0,1,0.7843,23,0.6728
0.2194,0,4,0,0,4,0,0,0.2959,19,0.4993
0.7077,1,3,1,1,6,0,2,0.7969,17,0.7626
0.55,4,4,5,1,14,0,1,0.5556,24,0.427
0.134,1,1,1,1,4,0,1,0.2361,32,0.2723
0.8821,0,1,0,1,2,0,1,0.7669,18,0.9168
0.8253,2,0,2,1,5,0,3,0.8307,24,0.7284
0.8677,1,3,3,1,8,0,1,0.7927,21,0.8378
0.8106,0,5,0,1,6,0,2,0.8102,17,0.8642
0.1454,0,1,0,1,2,0,0,0.1757,25,0.4869
0.6575,0,3,0,0,3,0,1,0.6859,50,0.887
0.8293,0,2,0,1,3,0,1,0.76,30,0.8844
0.912,0,1,0,0,1,0,1,0.9167,50,0.9613
0.2288,1,1,1,0,3,0,1,0.199,22,0.4527
0.85,0,12,1,1,14,0,10,0.7876,20,0.8806
0.8408,0,0,0,0,0,0,0,0.7857,22,0.8831
0.8598,5,1,0,0,6,1,3,0.9022,22,0.6259
0.7804,0,2,1,1,4,0,1,0.8879,23,0.9532
0.1098,4,1,0,0,5,0,1,0.2183,43,0.2935
0.9032,6,2,0,1,9,2,6,0.8873,33,0.4991
0.8286,0,1,3,1,5,0,0,0.8314,50,0.7604
0.8375,0,1,3,1,5,0,0,0.8185,22,0.8309
0.3318,2,0,0,0,2,0,1,0.3007,13,0.4082
0.9465,0,1,2,2,5,0,1,0.8714,18,0.8521
0.0773,7,2,2,1,12,1,5,0.2603,26,0.0
0.7549,0,1,3,1,5,0,0,0.7778,16,0.716
0.7356,0,2,1,1,4,0,0,0.653,11,0.854
0.9419,0,12,0,0,12,0,2,0.8664,19,1.0
0.0868,0,1,1,0,2,0,0,0.2316,15,0.4237
0.1956,0,0,1,0,1,0,0,0.2718,18,0.511
0.9302,1,6,0,1,8,0,1,0.9974,23,1.0
0.7408,0,3,0,0,3,0,1,0.6477,31,0.8377
0.8712,10,2,1,1,14,1,0,0.6547,18,0.2995
0.4622,4,1,1,1,7,0,0,0.3551,27,0.3642
0.1485,8,1,3,0,12,1,10,0.1912,38,0.0
0.1954,0,3,5,2,10,0,1,0.2596,33,0.3995
0.7348,0,4,1,0,5,0,2,0.7509,20,0.8757
0.2395,3,0,1,1,5,0,1,0.2559,25,0.307
0.4995,4,1,0,1,6,2,3,0.4731,37,0.2518
0.8947,0,3,1,1,5,0,0,0.8761,18,0.899
0.9478,6,1,0,0,7,1,4,0.9756,26,0.6369
0.8746,0,1,0,0,1,0,0,0.7296,21,0.9221
0.6865,0,2,0,0,2,0,0,0.6675,13,0.8328
0.7867,5,3,1,1,10,2,4,0.7351,42,0.4526
0.8865,2,5,0,0,7,0,2,0.8735,24,0.8795
0.7095,1,4,1,1,7,0,0,0.7477,27,0.7647
0.9156,0,3,1,0,4,0,1,1.0,20,0.9728
0.9085,0,3,5,1,9,0,1,0.9285,35,0.8018
0.9322,0,1,0,1,2,0,0,0.9875,18,1.0
0.1436,0,2,0,0,2,0,1,0.28,22,0.6204
0.3131,3,1,2,0,6,1,0,0.3526,37,0.252
0.8256,3,0,1,0,4,1,3,0.7166,29,0.5841
0.6663,1,3,0,0,4,0,0,0.6193,25,0.6778
0.55,10,1,0,0,11,5,8,0.4334,24,0.0
0.9018,3,0,0,0,3,1,1,0.8608,13,0.5538
0.6607,4,1,1,1,7,1,2,0.7476,22,0.3454
0.7839,2,0,0,0,2,1,0,0.7145,30,0.683
0.931,0,3,0,0,3,0,0,1.0,12,1.0
0.5379,1,1,0,0,2,0,0,0.6749,19,0.7034
0.923,0,0,4,2,6,0,1,0.6914,12,0.7016
0.7763,1,3,1,1,6,0,0,0.7664,17,0.7857
0.3927,0,4,0,0,4,0,1,0.4431,31,0.5862
0.9754,0,1,1,1,3,0,3,0.9896,30,1.0
0.8149,0,3,4,1,8,0,1,0.6244,20,0.8668
0.9025,2,3,0,1,6,1,0,0.9766,21,0.7298
0.4558,0,1,0,0,1,0,0,0.5351,17,0.6315
0.7828,0,1,0,1,2,0,0,0.8291,16,0.8351
0.7884,0,1,2,1,4,0,0,0.8305,13,0.8213
0.7655,0,1,1,0,2,0,0,0.7606,46,0.8385
0.4946,0,0,0,1,1,0,0,0.4218,14,0.5928
0.6605,1,0,0,0,1,0,1,0.7493,21,0.7946
0.8841,0,1,0,2,3,0,0,1.0,39,0.9108
0.5951,0,2,0,1,3,0,1,0.6417,48,0.8179
0.8813,0,0,1,1,2,0,1,0.9347,36,0.9641
0.8273,0,1,4,3,8,0,6,0.9093,17,0.8237
0.6905,0,3,1,0,4,0,2,0.7165,19,0.7762
0.7008,0,0,0,0,0,0,0,0.6909,50,0.8583
0.9381,0,3,0,0,3,0,1,0.8714,27,0.9829
0.7505,0,8,0,0,8,0,0,0.7022,43,0.8436
0.1903,0,5,0,1,6,0,1,0.2434,39,0.4522
0.9381,0,0,3,1,4,0,0,0.8962,17,0.8238
0.8037,0,1,1,1,3,0,0,0.9262,24,0.8179
0.7701,1,4,0,1,6,0,1,0.6882,27,0.8593
0.8311,0,0,0,0,0,0,0,0.8391,22,0.919
0.1715,0,1,4,4,9,0,4,0.3084,25,0.3214
0.7333,2,3,4,1,10,0,3,0.9431,26,0.7442
0.8748,1,2,2,0,5,0,4,0.8335,23,0.7685
0.9826,0,1,1,1,3,0,0,0.9527,24,0.9508
0.9088,0,2,0,0,2,0,0,0.799,27,0.966
0.6395,3,6,4,2,15,1,5,0.6861,25,0.3791
0.8993,0,0,4,1,5,0,0,0.9061,24,0.8115
0.976,0,3,4,2,9,0,1,1.0,20,0.9168
0.8626,3,0,0,2,5,1,1,0.72,20,0.6181
0.9083,9,0,2,1,12,0,2,0.8732,37,0.4961
0.55,0,0,4,4,8,0,4,0.6163,37,0.4871
0.9638,1,2,3,3,9,1,1,0.9931,38,0.7124
0.6536,1,5,4,2,12,0,4,0.661,33,0.6441
0.1728,2,2,0,0,4,0,2,0.2749,23,0.2831
0.55,0,0,0,0,0,0,0,0.5079,14,0.8031
0.803,0,1,0,1,2,0,1,0.8525,26,0.9248
0.7931,1,3,3,2,9,1,8,0.8122,18,0.6557
0.6664,0,9,0,0,9,0,1,0.6127,32,0.7829
0.9674,0,2,0,0,2,0,0,0.9957,26,1.0
0.8078,3,0,1,2,6,0,3,0.9774,40,0.7135
0.1984,0,3,5,1,9,0,8,0.3611,27,0.5062
0.8681,0,0,1,1,2,0,1,0.7639,30,0.8785
0.6547,0,3,4,1,8,0,3,0.6329,19,0.7596
0.177,0,5,4,4,13,0,0,0.257,26,0.2625
0.7178,2,0,3,0,5,0,1,0.6827,9,0.6857
0.4765,0,1,0,0,1,0,0,0.4024,24,0.5615
0.8434,0,3,0,1,4,0,0,0.7945,20,0.8952
0.8916,0,1,0,0,1,0,1,0.9998,22,1.0
0.3886,0,1,3,3,7,0,3,0.4417,26,0.3908
0.7588,1,5,0,0,6,0,3,0.7055,13,0.8833
0.8273,0,1,0,0,1,0,1,0.7405,24,0.9213
0.55,3,3,5,3,14,0,1,0.6362,43,0.3613
0.6773,0,1,0,0,1,0,0,0.784,30,0.8137
0.55,3,1,0,1,5,1,4,0.5054,30,0.3862
0.6004,0,1,2,2,5,0,1,0.6231,27,0.6738
0.8525,1,2,3,0,6,0,2,0.8895,50,0.7882
0.4057,0,1,1,1,3,0,0,0.4459,32,0.5337
0.2639,0,8,1,1,10,0,1,0.3398,17,0.4767
0.9051,0,5,1,1,7,0,0,0.8493,20,0.879
0.2083,2,2,0,1,5,0,5,0.2307,36,0.3241
0.6125,0,2,0,1,3,0,3,0.5475,30,0.7463
0.42,0,3,1,1,5,0,2,0.4483,21,0.6624
0.8694,2,1,0,0,3,1,0,0.6903,19,0.5667
0.9702,1,0,0,1,2,0,0,0.8617,11,0.9535
0.8161,0,1,0,0,1,0,0,0.7056,21,0.8684
0.8376,0,0,0,0,0,0,0,0.8787,31,0.8994
0.9095,2,2,1,1,6,0,1,0.9715,36,0.9119
0.7852,0,3,3,2,8,0,0,0.7306,30,0.73
0.8189,3,1,0,1,5,0,1,0.8606,25,0.882
0.2719,1,2,1,1,5,0,0,0.3799,50,0.4169
0.6123,0,2,4,3,9,0,0,0.5615,43,0.621
0.4423,5,10,0,1,16,2,0,0.4969,18,0.2317
0.8605,0,0,1,1,2,0,0,0.7661,38,0.8498
0.9141,4,2,0,1,7,0,3,0.891,48,0.8548
0.2573,0,3,6,4,13,0,5,0.1565,36,0.2528
0.8081,0,2,0,0,2,0,2,0.7523,25,0.9247
0.55,0,1,1,0,2,0,0,0.4686,19,0.6823
0.9505,0,0,0,1,1,0,0,0.7971,27,0.9283
0.1604,3,2,0,1,6,0,0,0.1453,23,0.3365
0.6781,4,0,0,1,5,1,0,0.7133,17,0.491
0.9382,0,4,1,0,5,0,5,0.7894,18,0.977
0.9171,0,2,3,1,6,0,2,0.8442,19,0.8194
0.2349,3,5,0,0,8,0,1,0.2692,31,0.4144
0.7975,0,1,0,1,2,0,0,0.7328,22,0.8009
0.8747,3,1,0,0,4,2,0,0.8503,11,0.6567
0.8965,0,1,0,0,1,0,0,0.8355,17,0.9208
0.8526,1,5,1,1,8,0,3,0.6852,16,0.7427
0.6772,0,3,1,1,5,0,2,0.5783,23,0.7522
0.6726,6,6,0,0,12,3,6,0.6352,47,0.3868
0.9739,4,6,1,0,11,0,5,0.7233,22,0.7337
0.7095,2,2,0,0,4,0,1,0.5085,24,0.6757
0.7637,5,1,1,0,7,1,0,0.7413,42,0.4253
0.2125,3,3,2,2,10,0,0,0.2742,22,0.2432
0.5562,0,1,3,1,5,0,3,0.4987,22,0.6409
0.9364,0,2,0,0,2,0,0,0.8496,16,0.9554
0.7073,0,0,1,1,2,0,1,0.7573,47,0.765
0.05,0,3,0,1,4,0,2,0.0506,29,0.4126
0.5925,0,1,0,1,2,0,0,0.6375,23,0.7122
0.0543,0,2,0,0,2,0,0,0.1638,17,0.4399
0.9422,2,1,4,1,8,0,1,0.8285,26,0.7171
0.4119,4,4,1,0,9,1,6,0.4454,24,0.2134
0.8614,4,2,2,0,8,2,5,0.8626,28,0.3624
0.7691,0,1,4,1,6,0,1,0.8084,18,0.8507
0.8171,0,0,0,0,0,0,0,0.8027,17,0.9
0.6948,0,1,5,5,11,0,0,0.604,22,0.6001
0.7742,1,1,1,1,4,0,1,0.7749,10,0.8034
0.554,0,4,4,2,10,0,1,0.5158,25,0.5817
0.8677,0,5,1,2,8,0,0,0.825,30,0.8841
0.6962,0,4,0,0,4,0,0,0.7643,24,0.9336
0.134,4,3,0,1,8,1,0,0.0455,17,0.0486
0.8925,1,2,0,1,4,0,1,0.8349,29,0.8452
0.4305,0,8,0,0,8,0,1,0.6013,19,0.6151
0.55,0,1,1,1,3,0,0,0.5155,14,0.5951
0.0567,0,5,4,2,11,0,1,0.0602,19,0.2755
0.6964,1,2,1,1,5,0,2,0.7322,27,0.8028
0.9124,2,4,0,1,7,0,2,0.8835,46,0.8522
0.7504,0,1,0,0,1,0,0,0.7279,40,0.8032
0.8044,3,3,1,1,8,0,4,0.7281,24,0.7236
0.1385,0,1,0,0,1,0,0,0.2421,46,0.5728
0.9745,0,3,1,2,6,0,3,0.9505,21,0.8573
0.4375,2,2,0,0,4,0,1,0.4068,39,0.618
0.6438,1,0,2,0,3,0,2,0.6627,31,0.635
0.8754,8,5,0,1,14,2,0,0.8175,43,0.495
0.8419,0,10,4,3,17,0,5,0.9353,34,0.7188
0.8459,0,1,6,5,12,0,1,0.8816,50,0.658
0.743,9,3,0,0,12,2,2,0.6418,26,0.2094
0.8703,0,4,0,0,4,0,4,0.8769,21,0.9175
0.8681,7,1,0,0,8,2,1,0.8664,18,0.5805
0.6723,0,1,0,0,1,0,1,0.806,29,0.8777
0.1643,3,2,4,1,10,1,0,0.4043,28,0.058
0.8398,0,4,1,1,6,0,1,0.8857,25,0.8555
0.55,0,1,0,0,1,0,1,0.593,10,0.6309
0.7927,0,1,0,0,1,0,0,0.8575,28,0.8938
0.9652,0,1,3,2,6,0,1,1.0,8,0.8966
0.8988,0,2,0,1,3,0,1,0.8506,28,0.9459
0.7027,2,0,5,1,8,1,0,0.7964,21,0.4146
0.9939,0,2,0,0,2,0,0,1.0,22,1.0
0.2053,0,1,5,3,9,0,1,0.2973,37,0.3016
0.9354,0,12,0,0,12,0,3,1.0,14,1.0
0.8937,5,0,1,1,7,0,1,0.8537,17,0.8157
0.0666,0,2,6,5,13,0,1,0.04,26,0.2116
0.8387,0,1,0,0,1,0,1,0.7945,23,0.9173
0.6373,0,0,2,1,3,0,3,0.5404,20,0.6492
0.9082,4,5,5,1,15,1,4,1.0,50,0.4885
0.9164,5,1,1,1,8,0,2,0.8171,22,0.7138
0.6087,0,3,1,1,5,0,0,0.5236,18,0.6663
0.754,0,2,0,0,2,0,0,0.7472,24,0.8682
0.55,6,2,2,2,12,0,9,0.4837,26,0.3449
0.6694,0,0,2,1,3,0,3,0.64,16,0.7649
0.6592,2,1,1,1,5,1,1,0.5825,35,0.4829
0.733,0,1,0,0,1,0,0,0.8952,25,0.8962
0.7279,0,2,2,3,7,0,1,0.689,23,0.7293
0.9432,3,3,0,0,6,1,2,0.8994,15,0.6607
0.7824,0,4,3,1,8,0,0,0.6712,28,0.7092
0.9025,2,1,4,1,8,0,1,1.0,18,0.7661
0.9076,0,4,0,0,4,0,0,0.8617,50,0.9507
0.05,0,1,0,0,1,0,0,0.04,17,0.4017
0.7248,2,4,0,1,7,1,2,0.6526,50,0.5691
0.9654,1,2,0,0,3,0,1,0.8838,24,0.9214
0.6717,0,1,1,1,3,0,3,0.8572,21,0.8041
0.7955,2,2,1,1,6,1,0,0.7197,35,0.4887
0.8489,0,1,1,0,2,0,0,0.7813,20,0.8674
0.8865,1,2,0,1,4,0,3,0.7899,44,0.8855
0.05,0,1,1,1,3,0,0,0.2263,28,0.2307
0.1839,2,1,1,1,5,0,1,0.2834,24,0.3874
0.8775,0,0,0,0,0,0,0,0.9249,39,0.9705
0.9524,2,5,5,3,15,1,4,0.7631,21,0.5035
0.2404,0,1,4,1,6,0,1,0.261,21,0.3495
0.7433,7,2,1,1,11,1,7,0.8584,18,0.3833
0.7027,0,0,0,0,0,0,0,0.6948,22,0.7886
0.9436,0,2,1,0,3,0,0,1.0,34,0.9708
0.2717,0,0,5,0,5,0,3,0.2985,26,0.3452
0.8283,0,0,4,2,6,0,1,0.7737,41,0.761
0.9354,0,1,1,1,3,0,3,0.9956,12,0.9175
0.526,0,0,1,1,2,0,1,0.4722,35,0.6744
0.8734,0,1,4,2,7,0,0,0.7747,21,0.787
0.7902,0,0,0,0,0,0,0,0.6948,29,0.8743
0.9529,3,0,1,1,5,0,1,0.9193,24,0.833
0.9149,1,1,0,1,3,0,2,0.9106,13,0.9545
0.0556,0,1,0,1,2,0,0,0.1778,26,0.281
0.2102,0,2,5,3,10,0,1,0.3829,41,0.3519
0.6087,0,0,4,2,6,0,1,0.6173,12,0.6324
0.8987,0,1,1,1,3,0,1,0.8737,18,0.9319
0.8104,0,3,1,1,5,0,1,0.8888,19,0.8945
0.891,4,1,6,4,15,1,1,0.9096,27,0.3483
0.7119,0,5,0,0,5,0,3,0.6935,27,0.8275
0.5964,0,2,0,0,2,0,1,0.645,41,0.8062
0.7776,0,4,3,2,9,0,5,0.7456,36,0.781
0.9949,0,0,3,1,4,0,2,1.0,16,0.9356
0.1613,0,1,5,3,9,0,0,0.3099,25,0.1952
0.2263,6,0,2,0,8,1,2,0.2782,27,0.0799
0.2343,0,0,0,2,2,0,2,0.35,20,0.5984
0.9424,2,8,0,1,11,1,7,0.877,27,0.7798
0.1787,7,3,0,0,10,0,2,0.3258,20,0.2736
0.8852,0,1,3,2,6,0,3,0.6948,32,0.7249
0.8387,0,0,0,0,0,0,0,0.8148,28,0.963
0.7481,0,0,0,1,1,0,0,0.6728,15,0.8337
0.9765,6,1,3,1,11,2,4,0.961,22,0.2737
0.8763,0,0,1,0,1,0,0,0.899,19,0.9425
0.55,0,1,0,0,1,0,0,0.5574,16,0.6468
0.8714,1,4,0,1,6,0,1,0.8829,26,0.8528
0.1641,0,1,1,0,2,0,0,0.193,18,0.3915
0.9823,0,1,1,0,2,0,0,1.0,20,1.0
0.7556,0,2,1,0,3,0,0,0.8019,31,0.8315
0.8256,0,1,1,0,2,0,0,0.8044,16,0.897
0.9002,0,0,0,0,0,0,0,0.8517,23,1.0
0.5606,0,1,1,1,3,0,1,0.6503,14,0.8034
0.76,0,3,4,3,10,0,1,0.8779,17,0.7182
0.8878,1,0,4,2,7,0,7,0.9199,15,0.7645
0.8049,0,3,4,1,8,0,0,0.8336,24,0.7002
0.8354,0,2,1,1,4,0,0,0.869,19,0.8575
0.2824,1,0,0,0,1,0,0,0.3471,24,0.5571
0.8589,0,0,0,0,0,0,0,0.8336,16,0.9548
0.7632,1,3,1,2,7,0,1,0.551,23,0.7526
0.3184,0,2,2,1,5,0,1,0.5436,22,0.6085
0.8718,0,3,1,1,5,0,1,0.786,23,0.859
0.9795,0,2,4,3,9,0,1,0.9546,21,0.8482
0.7533,0,6,0,0,6,0,1,0.72,30,0.8986
0.9132,0,3,5,4,12,0,2,0.8271,17,0.7809
0.8851,0,1,7,3,11,0,6,0.7431,21,0.7372
0.1033,0,5,3,0,8,0,2,0.3899,48,0.4036
0.55,3,2,1,1,7,1,0,0.5257,16,0.3691
0.6051,0,0,1,1,2,0,1,0.5859,23,0.7409
0.1657,2,0,4,2,8,0,2,0.3215,50,0.2093
0.0574,0,1,0,0,1,0,0,0.1401,13,0.2902
0.9135,0,2,0,0,2,0,1,1.0,15,1.0
0.8653,0,0,1,0,1,0,0,0.9065,18,0.9213
0.622,4,1,1,1,7,1,1,0.6097,36,0.4297
0.348,0,1,5,1,7,0,0,0.5436,19,0.3227
0.8954,0,0,0,1,1,0,0,0.7963,19,0.9241
0.8046,1,1,6,4,12,0,3,0.747,28,0.5699
0.8244,0,3,0,0,3,0,0,0.8449,10,0.89
0.9065,0,4,0,0,4,0,2,0.863,25,0.8907
0.715,1,1,3,1,6,0,1,0.7338,24,0.6825
0.8692,4,0,0,0,4,1,2,0.9082,23,0.6937
0.6329,0,3,1,1,5,0,5,0.6374,29,0.7644
0.6236,0,3,0,3,6,0,1,0.5643,34,0.6941
0.5792,0,0,5,2,7,0,0,0.5443,18,0.5545
0.3027,0,0,0,0,0,0,0,0.3921,28,0.6316
0.1604,0,12,0,1,13,0,6,0.1124,28,0.2356
0.6415,1,1,0,0,2,0,1,0.5502,33,0.7374
0.3839,1,8,1,1,11,0,1,0.3643,29,0.5745
0.5531,0,1,5,2,8,0,1,0.4986,31,0.5866
0.1651,3,0,0,2,5,0,0,0.316,14,0.4738
0.4713,1,2,0,1,4,0,1,0.4759,21,0.7061
0.2038,0,2,0,2,4,0,1,0.2071,26,0.489
0.6071,0,0,0,0,0,0,0,0.6071,20,0.7872
0.7115,0,1,2,1,4,0,2,0.7023,34,0.8054
0.55,0,2,1,1,4,0,0,0.5258,26,0.647
0.8592,0,1,1,0,2,0,0,0.684,13,0.8802
0.8928,0,1,1,0,2,0,0,0.7044,25,0.9403
0.9062,0,4,1,1,6,0,2,0.8925,27,1.0
0.389,0,5,5,3,13,0,3,0.4354,21,0.4127
0.6889,0,3,0,1,4,0,0,0.666,18,0.8064
0.9099,0,3,0,1,4,0,3,0.874,22,0.9659
0.3073,6,0,0,0,6,1,0,0.2137,13,0.2179
0.7678,0,1,2,2,5,0,2,0.8415,38,0.7994
0.4769,4,2,1,0,7,0,5,0.6081,46,0.6466
0.7027,0,2,1,2,5,0,0,0.6511,17,0.7143
0.8717,0,0,3,1,4,0,1,0.8785,32,0.8343
0.2263,0,2,0,0,2,0,0,0.4475,31,0.5318
0.9402,0,0,1,0,1,0,1,0.9287,22,0.9937
0.7947,1,2,0,0,3,0,0,0.8067,23,0.9144
0.8297,0,0,0,2,2,0,0,0.7964,22,0.8254
0.7848,1,2,1,1,5,0,1,0.7859,29,0.7666
0.8702,3,0,0,0,3,0,0,0.9019,20,0.8697
0.907,3,5,1,1,10,1,2,0.7998,29,0.5771
0.3162,7,2,0,1,10,2,0,0.4542,24,0.0392
0.9447,0,1,1,0,2,0,1,0.9031,33,1.0
0.882,0,4,1,1,6,0,0,0.8229,25,0.9237
0.8272,0,1,1,1,3,0,0,0.7951,31,0.8922
0.4062,0,5,0,0,5,0,3,0.4437,45,0.6073
0.5667,2,2,1,1,6,0,1,0.5752,27,0.6986
0.5945,5,1,0,1,7,0,0,0.4606,25,0.5347
0.55,8,0,3,2,13,2,1,0.655,22,0.1596
0.55,0,0,1,0,1,0,1,0.4487,34,0.6248
0.55,7,0,1,1,9,0,1,0.5377,25,0.3783
0.1294,2,1,0,1,4,0,0,0.4971,16,0.4369
0.4479,0,4,3,2,9,0,1,0.4055,21,0.4742
0.8176,0,4,0,0,4,0,0,0.7445,38,0.9311
0.7849,0,5,1,1,7,0,3,0.7735,13,0.8569
0.8251,0,3,1,1,5,0,1,0.5666,15,0.7852
0.5889,0,2,1,1,4,0,0,0.7543,18,0.7443
0.2192,0,1,0,1,2,0,1,0.2962,11,0.4747
0.7457,0,1,0,0,1,0,0,0.6361,48,0.8901
0.2008,1,1,5,1,8,0,0,0.3203,46,0.263
0.55,0,5,0,1,6,0,4,0.774,29,0.7314
0.9575,4,1,3,2,10,1,1,0.9083,21,0.6442
0.8101,1,1,1,1,4,0,0,0.6355,16,0.9142
0.7774,0,2,0,1,3,0,0,0.7723,11,0.9612
0.7478,1,0,3,3,7,0,0,0.7705,20,0.7012
0.6906,8,4,4,1,17,3,4,0.5775,21,0.114
0.845,2,1,3,2,8,0,4,0.7486,15,0.8134
0.8753,1,1,3,1,6,1,2,0.8516,22,0.6104
0.8051,0,1,2,1,4,0,0,0.6748,22,0.7564
0.7309,0,0,0,0,0,0,0,0.7852,21,0.8707
0.7777,0,1,1,1,3,0,0,0.7052,21,0.8511
0.1703,0,6,4,1,11,0,0,0.139,13,0.2692
0.2292,0,6,0,0,6,0,0,0.3104,41,0.3968
0.3182,0,1,1,1,3,0,1,0.557,27,0.4607
0.6249,0,0,0,1,1,0,0,0.6095,29,0.8023
0.6689,0,3,1,3,7,0,0,0.6718,31,0.6953
0.6048,1,2,1,1,5,0,0,0.7022,25,0.6965
0.7828,0,0,1,0,1,0,0,0.7002,19,0.8553
0.55,0,2,5,2,9,0,0,0.5883,33,0.5947
0.8271,0,4,0,0,4,0,3,0.7246,24,0.8909
0.1227,8,4,5,2,19,1,0,0.197,27,0.0
0.8499,0,4,0,2,6,0,1,0.6885,18,0.8429
0.9417,0,1,1,0,2,0,0,0.9075,14,0.9502
0.3366,0,1,6,3,10,0,3,0.5139,32,0.3085
0.2114,0,3,2,2,7,0,1,0.2555,17,0.4938
0.6852,0,3,1,1,5,0,1,0.541,21,0.7517
0.8384,0,1,1,1,3,0,3,0.8964,15,0.8622
0.9734,1,0,1,1,3,0,1,1.0,10,0.9335
0.4002,0,4,1,1,6,0,2,0.4221,22,0.5696
0.9177,0,1,1,1,3,0,2,0.9434,15,0.9688
0.3235,0,4,1,0,5,0,1,0.4131,17,0.4401
0.1164,0,1,3,2,6,0,0,0.3407,17,0.2785
0.3683,0,1,0,1,2,0,0,0.5437,18,0.5965
0.1665,0,0,2,2,4,0,1,0.2278,18,0.5594
0.8841,3,4,5,4,16,0,4,0.8436,31,0.6969
0.7528,0,1,0,0,1,0,0,0.7104,36,0.8588
0.2621,0,1,0,0,1,0,0,0.3907,19,0.6086
0.9066,0,4,4,2,10,0,2,0.8271,15,0.9098
0.9089,0,1,4,2,7,0,7,1.0,16,0.8254
0.2992,2,1,4,3,10,1,0,0.3621,30,0.1251
0.0631,0,0,0,0,0,0,0,0.1348,38,0.495
0.7791,0,1,0,2,3,0,2,0.784,24,0.8838
0.55,0,1,0,1,2,0,1,0.5639,18,0.7591
0.5314,2,6,2,1,11,1,1,0.6295,17,0.3652
0.6356,1,1,1,1,4,0,0,0.7231,21,0.837
0.6435,2,0,4,2,8,0,0,0.5856,16,0.6863
0.8932,0,3,1,1,5,0,4,0.8065,20,0.9295
0.8238,0,1,0,2,3,0,1,0.9235,32,0.9364
0.4201,0,0,0,0,0,0,0,0.5397,16,0.5322
0.6977,0,2,1,0,3,0,0,0.7878,24,0.8481
0.5637,0,0,0,1,1,0,1,0.5865,37,0.7193
0.5937,0,0,0,0,0,0,0,0.5964,37,0.7859
0.3949,2,2,0,1,5,0,3,0.28,34,0.5749
0.8519,0,0,0,0,0,0,0,0.8016,19,0.9175
0.5514,0,4,0,0,4,0,1,0.5037,17,0.6255
0.8503,0,0,1,1,2,0,1,0.9363,19,0.9216
0.4578,0,0,0,0,0,0,0,0.5486,28,0.6374
0.8711,0,2,0,1,3,0,1,0.808,18,0.9145
0.8481,0,7,0,0,7,0,1,0.7214,32,0.8907
0.7107,1,4,0,0,5,0,2,0.6152,8,0.7735
0.9541,3,1,1,0,5,1,1,0.8283,21,0.5177
0.71,0,2,0,0,2,0,0,0.712,14,0.8994
0.382,0,0,5,3,8,0,1,0.3554,19,0.4249
0.7037,7,4,4,3,18,3,0,0.7998,35,0.2077
0.82,1,0,4,1,6,0,3,0.6729,11,0.8319
0.8477,0,1,1,2,4,0,0,0.8826,20,0.8825
0.8775,3,2,3,2,10,0,2,1.0,21,0.6483
0.2243,2,0,1,1,4,1,1,0.3073,17,0.1718
0.9476,2,3,0,0,5,1,0,0.9584,24,0.684
0.106,0,3,2,0,5,0,5,0.2508,28,0.3516
0.2944,0,2,0,0,2,0,1,0.2886,42,0.5605
0.8425,0,2,5,4,11,0,3,0.7914,27,0.5847
0.0711,0,3,1,1,5,0,5,0.2177,16,0.4039
0.6805,0,2,0,0,2,0,0,0.5774,21,0.7268
0.0552,0,0,0,0,0,0,0,0.1532,50,0.4289
0.8126,5,5,5,2,17,2,7,0.8721,23,0.3174
0.753,3,1,0,0,4,2,0,0.8289,23,0.5213
0.7765,0,5,1,1,7,0,2,0.7971,47,0.841
0.4233,0,1,1,0,2,0,0,0.5013,28,0.5888
0.957,8,0,1,3,12,1,1,0.8724,30,0.413
0.1131,0,2,0,1,3,0,0,0.2031,19,0.3083
0.55,5,0,0,2,7,2,0,0.5459,50,0.2922
0.7039,6,1,0,0,7,3,2,0.5968,25,0.4443
0.8112,3,1,0,1,5,0,2,0.8764,29,0.9054
0.9296,1,2,5,4,12,1,1,0.8472,24,0.6395
0.8158,0,1,1,1,3,0,3,0.7406,22,0.8874
0.8396,3,0,0,0,3,1,0,0.852,37,0.5981
0.746,0,1,0,1,2,0,0,0.7123,19,0.9138
0.1842,2,4,1,1,8,0,1,0.3681,30,0.3919
0.55,0,2,0,0,2,0,1,0.6629,26,0.7471
0.8363,1,1,0,1,3,0,1,0.8767,20,0.8744
0.7902,1,1,2,1,5,0,0,0.7926,25,0.7889
0.6999,0,5,0,0,5,0,1,0.8156,23,0.8347
0.625,0,6,0,0,6,0,1,0.5618,16,0.7678
0.8043,4,1,2,1,8,1,1,0.8411,20,0.4237
0.8968,0,0,1,1,2,0,0,0.9334,25,0.9155
0.7643,0,1,0,0,1,0,0,0.6754,30,0.9666
0.2662,0,0,0,0,0,0,0,0.4141,19,0.5564
0.8644,1,3,1,1,6,0,1,0.8052,27,0.8458
0.7329,0,0,4,2,6,0,1,0.5669,11,0.705
0.9311,0,5,4,1,10,0,1,0.9442,35,0.8854
0.5765,2,1,1,1,5,0,5,0.4551,29,0.5364
0.5135,4,5,0,1,10,0,5,0.3947,27,0.518
0.8007,0,0,0,2,2,0,0,0.7459,29,0.9072
0.2795,0,1,0,0,1,0,1,0.3835,23,0.5831
0.8271,0,0,0,0,0,0,0,0.8971,20,0.939
0.3429,0,1,4,3,8,0,0,0.3024,36,0.5207
0.9674,2,3,0,1,6,1,1,0.927,26,0.7034
0.6977,0,0,0,0,0,0,0,0.6954,14,0.8368
0.7909,0,1,0,0,1,0,0,0.728,47,0.8643
0.1258,0,1,0,0,1,0,0,0.2722,22,0.5788
0.7177,3,1,0,0,4,1,1,0.7663,21,0.4213
0.7642,3,2,1,0,6,1,3,0.6628,25,0.488
0.684,0,1,0,0,1,0,0,0.6977,19,0.8004
0.05,3,1,0,1,5,1,1,0.04,29,0.1075
0.2451,2,2,3,1,8,0,1,0.2685,27,0.3851
0.7613,0,1,0,0,1,0,0,0.8856,10,0.9567
0.8059,0,2,1,1,4,0,1,0.8309,16,0.7947
0.7561,0,3,0,0,3,0,0,0.8292,19,0.9182
0.9511,0,3,1,1,5,0,1,0.8284,24,0.9289
0.7967,2,3,2,3,10,1,6,0.8004,27,0.4879
0.7269,4,0,1,1,6,1,0,0.8175,10,0.5408
0.6367,0,1,0,0,1,0,0,0.7276,19,0.7604
0.7869,5,6,1,1,13,1,4,0.7769,32,0.3237
0.55,0,5,4,1,10,0,1,0.5127,13,0.555
0.0899,0,3,0,0,3,0,1,0.1358,13,0.314
0.2167,0,1,5,0,6,0,3,0.3185,23,0.3151
0.1851,0,0,1,0,1,0,1,0.4708,50,0.5268
0.4052,3,1,0,0,4,1,4,0.4773,22,0.3747
0.7847,0,0,0,1,1,0,0,0.7783,15,0.9471
0.827,0,2,1,1,4,0,1,0.8445,32,0.8699
0.9522,0,3,1,0,4,0,4,0.9158,14,0.9164
0.7281,0,3,5,1,9,0,1,0.8185,13,0.6476
0.8488,5,1,1,1,8,1,4,0.9492,18,0.4797
0.1783,0,3,0,0,3,0,0,0.2509,31,0.3921
0.547,0,5,2,2,9,0,0,0.5329,22,0.663
0.8849,0,5,0,0,5,0,3,0.8063,24,0.9248
0.2005,3,0,3,0,6,1,6,0.1002,29,0.0069
0.7077,0,0,0,0,0,0,0,0.7079,30,0.8731
0.8644,0,3,1,1,5,0,2,0.7546,25,0.8777
0.6496,0,0,1,0,1,0,1,0.7445,41,0.803
0.9545,2,0,1,1,4,1,1,0.9324,13,0.7103
0.66,0,2,1,1,4,0,2,0.5854,19,0.7833
0.8057,0,0,7,5,12,0,2,0.7018,14,0.5948
0.1234,0,7,0,0,7,0,0,0.1182,37,0.5283
0.7985,0,1,1,1,3,0,2,0.7285,19,0.8639
0.6102,0,0,3,3,6,0,2,0.6531,21,0.6666
0.9298,2,1,0,1,4,0,1,1.0,36,0.9381
0.689,3,3,0,0,6,0,0,0.6442,29,0.63
0.8776,0,0,1,0,1,0,0,0.8262,35,0.9094
0.296,0,1,1,1,3,0,1,0.3316,17,0.4958
0.8783,0,1,0,0,1,0,0,0.8922,37,0.9674
0.5867,0,2,0,0,2,0,1,0.5229,26,0.6692
0.7283,2,0,2,1,5,1,4,0.6572,15,0.637
0.2711,1,2,0,0,3,0,0,0.3792,28,0.5318
0.8348,0,1,5,4,10,0,1,0.7259,50,0.6153
0.8931,0,2,6,3,11,0,2,0.7763,23,0.6089
0.9428,3,1,1,0,5,0,0,0.9455,36,0.8543
0.9226,0,1,0,0,1,0,1,0.9709,16,0.9935
0.6797,0,0,0,0,0,0,0,0.7623,33,0.8007
0.9273,0,1,4,2,7,0,0,0.9968,9,0.8498
0.8845,0,3,3,0,6,0,1,0.9305,21,0.8446
0.3747,0,2,6,2,10,0,5,0.3185,16,0.4166
0.0662,0,1,3,2,6,0,1,0.04,19,0.2266
0.9461,0,0,5,1,6,0,1,0.7639,29,0.7952
0.1535,0,3,1,0,4,0,1,0.2312,50,0.5123
0.4424,0,3,0,1,4,0,1,0.6111,22,0.8354
0.9354,2,1,1,1,5,0,2,0.8515,28,0.8219
0.7997,1,1,0,1,3,0,0,0.8829,32,0.8483
0.7575,0,0,0,1,1,0,0,0.5925,18,0.7912
0.7635,0,1,1,1,3,0,1,0.8571,18,0.8846
0.8934,0,4,0,1,5,0,3,0.7908,19,0.8922
0.9253,0,5,1,1,7,0,2,0.837,18,0.9093
0.7941,0,1,6,1,8,0,3,0.861,25,0.7013
0.7803,1,2,1,1,5,0,2,0.7572,14,0.7554
0.8672,0,5,0,0,5,0,2,0.7796,14,0.8982
0.7774,0,3,3,2,8,0,0,0.604,29,0.7053
0.9451,0,3,8,2,13,0,4,1.0,19,0.6037
0.8196,3,1,1,1,6,2,3,0.8495,13,0.4258
0.6405,0,9,3,2,14,0,9,0.7143,21,0.6552
0.2988,0,2,1,1,4,0,1,0.3452,22,0.5315
0.1905,2,0,0,0,2,0,1,0.2692,26,0.4151
0.234,1,1,0,2,4,0,4,0.1753,21,0.3089
0.8674,0,1,0,1,2,0,2,0.8002,33,0.9059
0.8111,6,2,0,0,8,2,1,0.8188,38,0.5316
0.4254,0,4,3,1,8,0,8,0.441,33,0.5798
0.907,0,1,2,1,4,0,0,0.8418,23,0.8838
0.9224,0,2,0,0,2,0,0,0.8978,32,0.9539
0.6503,0,1,0,0,1,0,1,0.6813,15,0.8379
0.721,0,1,3,2,6,0,1,0.7626,32,0.6974
0.321,0,0,1,0,1,0,1,0.3852,18,0.465
0.8181,0,2,1,0,3,0,0,0.8479,32,0.8548
0.8949,0,5,0,1,6,0,1,0.9539,33,1.0
0.9025,3,2,1,1,7,1,2,0.9461,21,0.6595
0.6956,7,1,1,1,10,2,0,0.6631,19,0.3733
0.8236,10,0,4,1,15,4,4,0.8227,20,0.0778
0.7877,0,1,1,1,3,0,2,0.8104,46,0.8958
0.152,0,4,1,1,6,0,3,0.2778,31,0.3883
0.7078,0,0,5,1,6,0,3,0.7447,15,0.6608
0.2705,0,4,4,1,9,0,2,0.3065,17,0.5773
0.7714,0,2,0,2,4,0,1,0.7186,31,0.8821
0.2231,3,7,3,3,16,1,1,0.3239,30,0.0733
0.6846,2,1,2,2,7,0,1,0.6173,14,0.645
0.0852,10,2,1,1,14,2,2,0.2033,26,0.0
0.55,3,0,0,0,3,0,0,0.5892,33,0.7162
0.8543,0,3,0,1,4,0,2,0.8173,20,0.9009
0.8551,0,3,0,1,4,0,1,0.7379,13,0.8358
0.05,0,1,1,0,2,0,0,0.1064,18,0.346
0.8256,1,2,1,1,5,0,0,0.9005,21,0.8538
0.0654,0,5,0,1,6,0,1,0.1271,15,0.4018
0.6117,0,1,0,1,2,0,1,0.5766,14,0.8269
0.9555,0,4,0,1,5,0,1,1.0,21,1.0
0.093,2,2,1,1,6,1,0,0.1306,25,0.1565
0.3157,0,0,2,1,3,0,0,0.4755,40,0.4327
0.3154,0,1,0,1,2,0,0,0.416,12,0.6363
0.6312,0,0,1,1,2,0,1,0.5027,50,0.8424
0.8111,0,0,2,1,3,0,2,0.7237,20,0.8557
0.8474,1,5,1,1,8,0,4,0.7349,22,0.848
0.6912,3,5,0,0,8,1,6,0.5801,23,0.5315
0.9003,0,1,5,0,6,0,1,0.7798,24,0.8837
0.8569,0,1,5,2,8,0,1,0.9268,17,0.7142
0.7739,2,2,5,1,10,0,1,0.7191,35,0.6242
0.5647,1,1,1,1,4,0,0,0.6864,22,0.7104
0.9586,0,0,2,3,5,0,1,1.0,20,0.9425
0.7323,0,8,5,2,15,0,6,0.5047,37,0.5982
0.1225,6,2,1,1,10,1,0,0.1944,32,0.0197
0.9374,0,1,5,2,8,0,6,0.9716,31,0.8002
0.8432,1,1,4,1,7,0,1,0.8117,22,0.7569
0.6587,4,5,1,0,10,1,1,0.5732,28,0.4251
0.7668,0,1,1,0,2,0,0,0.6472,50,0.7726
0.5998,2,2,1,1,6,0,3,0.632,41,0.6545
0.2086,1,1,1,1,4,0,0,0.3669,19,0.508
0.9062,0,1,1,1,3,0,0,0.703,22,0.8545
0.8011,0,0,1,0,1,0,0,0.9011,45,0.8791
0.7147,1,1,3,2,7,0,2,0.7541,21,0.7327
0.4394,5,1,3,1,10,1,4,0.4375,44,0.1317
0.9186,0,0,6,2,8,0,1,0.8927,17,0.7686
0.8086,0,0,3,1,4,0,1,0.74,31,0.731
0.761,0,3,1,2,6,0,0,0.9008,19,0.8937
0.8818,0,7,1,0,8,0,3,0.7922,16,1.0
0.7252,0,6,0,0,6,0,1,0.7684,18,0.9516
0.55,0,1,0,1,2,0,1,0.5801,19,0.7095
0.7039,0,0,1,1,2,0,0,0.7004,45,0.8289
0.7616,0,4,1,1,6,0,5,0.6657,31,0.8201
0.2709,1,1,0,0,2,0,2,0.3902,27,0.5334
0.649,0,1,1,1,3,0,1,0.6364,24,0.8375
0.5204,0,3,1,0,4,0,1,0.5134,25,0.5946
0.7094,0,12,3,3,18,0,0,0.7419,25,0.7705
0.5243,0,0,1,1,2,0,1,0.5742,24,0.6727
0.8022,6,4,1,1,12,1,1,0.893,50,0.5908
0.2602,1,4,1,0,6,0,3,0.3812,10,0.5009
0.6794,0,1,0,1,2,0,0,0.7095,26,0.7778
0.8762,0,0,1,2,3,0,1,0.9374,32,0.9171
0.7,0,1,4,2,7,0,1,0.8715,13,0.7508
0.8273,0,1,3,3,7,0,1,0.8987,18,0.7967
0.9309,0,1,4,2,7,0,1,0.9363,19,0.8602
0.426,0,2,4,0,6,0,5,0.3978,21,0.4711
0.7387,0,2,3,0,5,0,1,0.6155,27,0.6226
0.3462,0,1,0,0,1,0,1,0.4697,34,0.6748
0.1281,0,1,0,0,1,0,1,0.3374,23,0.5315
0.6916,0,1,3,1,5,0,1,0.805,29,0.7459
0.9775,0,1,1,0,2,0,2,1.0,37,0.9997
0.7901,0,1,0,1,2,0,1,0.8997,19,0.9443
0.6645,0,1,0,1,2,0,0,0.6436,21,0.7687
0.7921,0,1,3,1,5,0,0,0.8665,50,0.7637
0.7164,3,0,4,1,8,1,2,0.6684,30,0.3909
0.8178,6,6,1,0,13,1,2,0.8482,31,0.5901
0.1188,0,1,0,0,1,0,0,0.2594,33,0.3534
0.8516,0,2,7,5,14,0,0,0.8038,33,0.7134
0.9144,0,2,5,3,10,0,2,0.8606,30,0.7341
0.9609,0,1,0,1,2,0,0,0.9304,18,0.9591
0.9288,0,2,1,0,3,0,0,0.9825,16,1.0
0.7036,0,3,6,2,11,0,4,0.7495,22,0.6163
0.7792,0,4,4,1,9,0,1,0.6892,26,0.6552
0.8825,0,1,0,0,1,0,0,0.8263,19,0.9376
0.978,5,2,0,0,7,1,0,0.9386,19,0.7206
0.1782,4,0,0,0,4,2,0,0.1836,32,0.1526
0.8649,6,1,0,1,8,2,3,0.7885,18,0.445
0.9255,0,2,0,1,3,0,0,0.7845,34,0.9663
0.7766,7,4,0,0,11,2,5,0.7605,24,0.4586
0.441,0,1,0,1,2,0,0,0.4021,11,0.5923
0.7939,0,1,0,0,1,0,0,0.8161,26,0.9179
0.7056,1,2,1,0,4,0,2,0.6694,23,0.764
0.6429,0,2,0,0,2,0,2,0.5284,31,0.7471
0.9518,3,3,4,3,13,0,1,0.8497,24,0.686
0.8321,10,2,0,1,13,1,3,0.7554,19,0.3716
0.55,0,1,4,4,9,0,1,0.4974,16,0.5383
0.9506,3,2,0,0,5,0,3,0.939,13,0.8787
0.8939,0,7,7,4,18,0,5,0.915,33,0.6623
0.7747,0,2,0,0,2,0,0,0.65,28,0.9149
0.8063,7,4,3,1,15,2,13,0.8856,16,0.3471
0.8955,4,3,1,0,8,1,2,1.0,16,0.6903
0.8579,0,1,1,0,2,0,0,0.8305,35,0.9558
0.1427,1,6,0,1,8,0,1,0.1332,40,0.4422
0.2716,0,5,0,0,5,0,1,0.2908,20,0.7154
0.771,0,1,1,0,2,0,0,0.7953,21,0.8178
0.9436,3,4,0,1,8,0,2,0.8111,18,0.8987
0.7048,0,4,0,0,4,0,1,0.8125,27,0.8421
0.7762,2,2,0,2,6,1,1,0.8967,24,0.75
0.8282,2,1,2,0,5,1,0,0.7876,18,0.7162
0.8149,2,1,1,1,5,0,1,0.8933,25,0.7141
0.55,4,5,0,1,10,1,2,0.5524,42,0.3255
0.9337,0,2,1,1,4,0,1,0.9253,40,0.9722
0.5635,2,0,0,1,3,0,2,0.4458,22,0.6902
0.8344,10,1,0,3,14,1,3,0.8328,20,0.4014
0.6144,0,0,4,1,5,0,1,0.6703,14,0.6374
0.7083,6,3,0,0,9,2,2,0.6891,40,0.4264
0.0828,2,4,1,0,7,0,6,0.04,20,0.3412
0.8847,0,5,1,0,6,0,6,0.7689,20,0.9066
0.4809,0,0,4,1,5,0,2,0.4575,23,0.6151
0.9327,0,2,0,0,2,0,0,0.9629,25,0.9279
0.911,0,1,0,0,1,0,0,0.8693,18,0.9948
0.9003,3,2,1,1,7,0,1,0.8397,19,0.7607
0.8088,0,1,2,2,5,0,2,0.8065,14,0.8637
0.9379,1,1,1,2,5,0,0,0.8613,30,0.8803
0.2559,1,1,4,1,7,0,1,0.3238,21,0.3035
0.2366,2,0,0,0,2,0,2,0.3407,20,0.4935
0.736,0,2,0,0,2,0,0,0.7839,28,0.8271
0.8879,0,2,3,1,6,0,1,0.6075,30,0.7584
0.243,0,2,0,1,3,0,0,0.164,32,0.368
0.5676,0,1,1,1,3,0,3,0.5475,21,0.6919
0.9109,2,0,1,1,4,0,0,0.7449,29,0.8597
0.8503,1,2,2,0,5,0,2,0.8531,28,0.8883
0.7248,6,0,2,2,10,2,4,0.7499,29,0.3115
0.746,0,0,0,0,0,0,0,0.5606,21,0.8847
0.6109,1,3,1,1,6,0,3,0.5436,16,0.682
0.7886,0,4,0,0,4,0,3,0.8723,24,0.9064
0.7459,0,2,4,1,7,0,7,0.681,20,0.746
0.6425,1,2,5,3,11,0,2,0.707,13,0.6453
0.8832,0,3,2,0,5,0,5,0.8713,28,0.88
0.9223,0,3,0,0,3,0,3,1.0,30,0.9934
0.9435,0,2,1,2,5,0,0,0.8101,37,0.9121
0.681,0,0,1,1,2,0,0,0.7998,25,0.7998
0.7782,1,1,4,1,7,0,1,0.6582,31,0.6345
0.9169,3,1,2,0,6,1,3,0.9352,30,0.7018
0.8608,0,0,1,1,2,0,0,0.8775,23,0.8852
0.2656,0,0,1,1,2,0,0,0.3562,20,0.5415
0.8859,2,1,0,1,4,1,2,0.9823,13,0.6599
0.9204,0,1,3,1,5,0,1,0.8928,24,0.8866
0.8992,0,6,1,1,8,0,1,0.8325,17,0.9296
0.2169,4,1,1,0,6,0,3,0.2402,25,0.3092
0.3352,0,5,0,0,5,0,1,0.3457,21,0.7305
0.9548,0,0,0,0,0,0,0,1.0,40,1.0
0.9413,0,0,1,1,2,0,2,0.8329,20,1.0
0.8858,0,3,1,0,4,0,1,0.8537,13,0.9625
0.1578,1,1,0,0,2,0,0,0.2981,13,0.4014
0.55,0,9,0,0,9,0,0,0.5294,22,0.7058
0.659,0,6,1,2,9,0,0,0.7418,33,0.7839
0.0979,1,0,1,1,3,0,1,0.2035,20,0.3615
0.925,0,2,0,0,2,0,0,0.8332,26,0.9756
0.5384,2,1,2,1,6,0,2,0.436,43,0.5369
0.9019,1,1,0,1,3,0,0,0.8662,16,0.847
0.619,0,7,4,2,13,0,2,0.5937,29,0.6014
0.8874,0,6,0,0,6,0,0,0.8032,17,0.8676
0.7757,1,0,1,2,4,0,2,0.8734,15,0.8271
0.7393,0,2,1,1,4,0,1,0.5744,16,0.7488
0.8063,2,4,0,0,6,0,5,0.6418,24,0.7749
0.9273,2,1,0,0,3,0,0,0.9166,20,0.9119
0.3021,0,1,1,1,3,0,0,0.4256,50,0.5564
0.683,3,3,3,3,12,1,6,0.7759,26,0.307
0.0965,0,0,2,1,3,0,1,0.3025,39,0.2568
0.8818,0,0,0,0,0,0,0,0.8621,32,0.918
0.55,0,3,5,2,10,0,3,0.6862,30,0.4143
0.7805,0,2,1,1,4,0,0,0.7671,25,0.7956
0.5774,3,1,5,3,12,1,7,0.438,21,0.3182
0.9603,2,4,0,0,6,1,1,0.9424,40,0.6966
0.5553,1,3,1,0,5,0,2,0.4272,40,0.6894
0.9713,2,4,3,2,11,0,1,0.9655,18,0.7595
0.6675,4,1,1,2,8,1,4,0.6637,15,0.4481
0.3883,5,0,0,1,6,1,0,0.5727,32,0.2598
0.8612,0,4,1,3,8,0,2,0.8186,29,0.8605
0.6561,0,2,0,0,2,0,1,0.7745,34,0.8527
0.0935,8,0,0,1,9,0,1,0.1904,33,0.2247
0.73,3,2,0,0,5,0,0,0.6235,45,0.7451
0.8835,0,2,0,1,3,0,0,0.883,19,0.9513
0.877,0,5,3,2,10,0,4,0.9034,24,0.7892
0.55,0,3,0,0,3,0,3,0.7246,24,0.7936
0.8352,0,0,1,1,2,0,1,0.8327,25,0.8702
0.55,7,3,1,1,12,2,6,0.5898,20,0.2585
0.8151,7,3,0,0,10,0,2,0.7245,30,0.6547
0.5208,0,2,1,1,4,0,4,0.6328,34,0.7926
0.8023,0,3,0,1,4,0,4,0.9343,25,0.8337
0.7809,2,1,5,2,10,1,0,0.7882,45,0.4238
0.9431,0,1,1,1,3,0,0,0.9025,13,0.9811
0.9624,0,3,0,3,6,0,2,0.9157,14,0.952
0.8037,1,1,1,1,4,0,1,0.7338,39,0.7736
0.7455,0,2,1,2,5,0,1,0.7579,17,0.7939
0.9021,0,2,0,1,3,0,1,0.8309,25,0.8962
0.7525,0,10,3,2,15,0,3,0.8119,32,0.7623
0.7776,0,5,1,1,7,0,4,0.6432,26,0.9391
0.1916,2,2,2,2,8,1,8,0.2588,23,0.2002
0.1619,0,4,1,1,6,0,1,0.1894,30,0.342
0.8607,0,0,1,0,1,0,1,0.8716,32,0.88
0.878,3,1,0,0,4,1,2,0.8387,17,0.6343
0.8366,3,1,1,0,5,0,1,0.6283,16,0.813
0.05,0,0,1,0,1,0,0,0.2761,17,0.3366
0.82,0,1,4,3,8,0,0,0.8149,18,0.7054
0.55,1,1,1,0,3,0,1,0.5608,19,0.7233
0.2533,0,0,1,0,1,0,0,0.436,13,0.5934
0.5639,1,7,1,2,11,1,3,0.5586,23,0.4295
0.2379,0,1,4,1,6,0,0,0.2927,43,0.3058
0.6331,1,1,0,0,2,0,0,0.5435,25,0.6505
0.6449,0,1,6,2,9,0,1,0.6451,22,0.5237
0.9212,0,6,2,1,9,0,1,1.0,29,0.8337
0.9046,0,1,0,0,1,0,0,0.8459,34,0.992
0.6158,0,1,0,0,1,0,1,0.6005,49,0.7404
0.4831,0,1,4,3,8,0,6,0.6361,21,0.5764
0.9628,10,0,0,1,11,2,6,0.8154,35,0.5265
0.8967,4,3,0,1,8,0,1,0.8573,11,0.8702
0.8188,0,2,0,3,5,0,2,0.7519,14,0.81
0.9584,3,0,1,1,5,1,1,0.8826,29,0.7188
0.8876,0,2,1,1,4,0,1,0.8102,22,0.9518
0.1148,6,1,6,1,14,1,7,0.3128,50,0.0
0.8955,2,0,4,1,7,0,1,0.9067,29,0.7065
0.7279,1,1,1,1,4,0,1,0.6814,24,0.759
0.9398,0,4,5,2,11,0,5,0.8952,18,0.7205
0.8718,0,12,0,0,12,0,11,0.7613,28,0.9904
0.9424,2,0,1,0,3,1,0,0.7575,31,0.5314
0.9695,0,0,1,1,2,0,0,0.8087,16,0.9049
0.7356,0,1,1,0,2,0,2,0.6281,18,0.795
0.6341,1,4,1,1,7,0,3,0.6831,18,0.7034
0.9494,2,1,0,0,3,1,2,0.929,20,0.7566
0.9596,2,1,1,1,5,0,1,0.8281,50,0.8874
0.6245,0,2,1,1,4,0,2,0.6305,20,0.725
0.1108,0,4,5,2,11,0,3,0.2246,15,0.3233
0.6027,1,3,0,0,4,0,1,0.7221,28,0.635
0.5691,0,5,4,2,11,0,2,0.5679,15,0.5867
0.7687,0,1,1,1,3,0,0,0.8559,26,0.8174
0.7487,0,1,5,2,8,0,0,0.7712,22,0.6904
0.2506,3,3,1,0,7,0,0,0.4742,17,0.4445
0.6315,3,5,0,0,8,1,1,0.6613,20,0.4299
0.896,1,1,5,0,7,0,2,0.8349,28,0.7284
0.9085,2,3,1,1,7,0,4,0.8834,15,0.8947
0.7558,0,3,1,2,6,0,0,0.6826,35,0.8176
0.9005,0,1,5,4,10,0,2,0.7972,36,0.6973
0.7967,0,6,1,0,7,0,3,0.7375,14,0.9518
0.8834,1,5,0,0,6,0,2,0.8121,27,1.0
0.1475,0,0,0,0,0,0,0,0.2512,18,0.3592
0.1625,7,3,1,0,11,2,1,0.3181,31,0.0
0.9739,0,1,1,1,3,0,1,0.9354,17,1.0
0.0823,0,2,5,2,9,0,1,0.2174,32,0.2861
0.778,0,1,1,1,3,0,0,0.7232,24,0.8431
0.919,4,3,0,1,8,0,1,0.8065,24,0.8038
0.1951,0,1,2,1,4,0,1,0.1112,45,0.3561
0.5354,0,4,0,2,6,0,0,0.5612,25,0.6843
0.817,0,0,1,0,1,0,0,0.8176,22,0.8594
0.9537,2,0,4,4,10,1,1,1.0,15,0.6295
0.7058,1,0,0,1,2,0,1,0.7437,37,0.776
0.7199,0,1,0,1,2,0,0,0.683,23,0.8064
0.5217,0,1,4,1,6,0,5,0.4897,20,0.4742
0.0687,0,1,1,2,4,0,1,0.1403,21,0.3483
0.55,0,3,1,1,5,0,1,0.5074,23,0.6213
0.8117,0,4,4,1,9,0,2,0.9152,35,0.7766
0.55,0,4,5,3,12,0,5,0.6707,19,0.6265
0.9446,0,0,2,1,3,0,1,0.9327,22,0.9367
0.9355,1,0,1,1,3,1,3,0.9495,25,0.7606
0.7025,1,0,1,0,2,0,1,0.6563,24,0.7814
0.9361,0,7,5,2,14,0,7,0.8619,17,0.7976
0.6769,2,1,1,1,5,1,1,0.6677,25,0.505
0.7844,0,0,0,0,0,0,0,0.7469,22,0.8733
0.8687,0,6,1,2,9,0,1,0.817,13,0.9141
0.6992,0,3,0,0,3,0,0,0.6694,43,0.7766
0.8264,0,1,0,1,2,0,1,0.804,19,0.9589
0.4073,0,1,4,1,6,0,3,0.5703,22,0.5206
0.7086,1,1,4,2,8,0,2,0.7432,39,0.6057
0.3665,4,2,0,1,7,2,3,0.3456,26,0.1878
0.8816,0,1,1,0,2,0,0,1.0,30,0.9229
0.3607,10,1,1,1,13,1,2,0.2628,31,0.0118
0.55,2,0,0,0,2,0,1,0.6078,27,0.6271
0.6163,0,3,0,2,5,0,0,0.7616,24,0.8349
0.6583,0,0,1,0,1,0,1,0.6947,29,0.7386
0.8763,1,0,0,0,1,0,0,0.776,19,0.8109
0.1297,0,4,1,2,7,0,1,0.2621,31,0.3522
0.8657,0,0,0,0,0,0,0,0.8558,30,0.8727
0.737,3,2,1,1,7,0,5,0.8421,22,0.7262
0.8363,6,1,1,0,8,1,2,0.9383,31,0.6032
0.7465,3,1,0,0,4,0,0,0.7368,22,0.7974
0.1572,0,1,5,2,8,0,4,0.3367,27,0.2204
0.8593,1,1,1,1,4,0,2,0.724,17,0.8041
0.9742,10,3,1,1,15,1,6,1.0,17,0.5841
0.8371,10,4,0,0,14,2,4,0.6994,23,0.3453
0.8408,4,1,1,2,8,1,2,0.773,34,0.5349
0.3655,2,1,3,3,9,0,2,0.3652,17,0.4697
0.2697,3,6,0,0,9,1,3,0.6091,24,0.4575
0.8331,0,2,0,1,3,0,1,0.8556,24,0.9679
0.7309,0,1,0,1,2,0,1,0.7847,27,0.8575
0.9068,0,0,0,0,0,0,0,0.8632,32,0.9821
0.7124,0,5,3,2,10,0,4,0.6801,27,0.7491
0.9813,0,0,0,3,3,0,0,0.9017,18,0.9505
0.9329,4,1,3,2,10,1,1,0.8034,26,0.4404
0.2533,0,0,0,0,0,0,0,0.4218,19,0.5602
0.8662,5,0,1,1,7,2,4,0.8424,30,0.4154
0.9238,3,4,0,0,7,2,5,0.7996,35,0.624
0.9488,1,0,1,1,3,0,0,0.8167,34,0.9063
0.7816,1,3,0,0,4,0,1,0.7978,35,0.9659
0.55,0,5,3,2,10,0,0,0.5006,14,0.5374
0.7682,1,6,3,1,11,0,3,0.7773,14,0.7308
0.9076,0,1,5,2,8,0,2,0.7814,33,0.757
0.8083,0,1,1,0,2,0,0,0.7385,31,0.8847
0.6958,0,0,2,2,4,0,2,0.6113,24,0.7854
0.9027,0,1,3,2,6,0,5,0.7578,20,0.7999
0.6378,0,2,1,0,3,0,2,0.6508,20,0.7169
0.8833,0,5,1,1,7,0,3,1.0,45,0.8717
0.8169,0,11,0,1,12,0,1,0.7639,29,0.8526
0.5915,0,0,2,1,3,0,3,0.6291,21,0.7209
0.8315,1,3,0,1,5,0,1,0.8343,23,0.8791
0.9852,3,0,2,4,9,1,3,0.9572,20,0.5442
0.8181,7,0,6,1,14,0,1,0.8309,17,0.4406
0.8485,6,3,0,0,9,5,2,0.912,24,0.3599
0.7616,4,0,0,0,4,1,3,0.7666,28,0.5912
0.8057,1,2,0,1,4,0,0,0.691,49,0.8109
0.8613,0,0,7,2,9,0,3,0.8157,43,0.6678
0.66,0,1,2,2,5,0,0,0.7235,25,0.6188
0.2509,0,4,0,0,4,0,0,0.363,19,0.4578
0.9754,0,0,0,0,0,0,0,0.8265,20,1.0
0.6352,2,2,5,2,11,1,1,0.6208,26,0.2001
0.2313,0,1,0,0,1,0,0,0.4433,26,0.5232
0.7851,0,1,1,1,3,0,1,0.7682,24,0.8542
0.7033,1,0,1,1,3,0,3,0.7116,30,0.7368
0.8169,0,1,0,0,1,0,0,0.829,30,0.8851
0.6328,0,0,0,0,0,0,0,0.5969,20,0.7791
0.8618,2,1,1,1,5,0,2,0.9063,14,0.8382
0.2129,2,3,0,1,6,0,1,0.2871,49,0.423
0.5275,2,0,0,1,3,0,3,0.6041,25,0.5221
0.4297,3,2,0,0,5,0,1,0.517,16,0.5495
0.6237,0,4,3,3,10,0,4,0.6628,30,0.593
0.7294,1,0,1,1,3,0,0,0.7247,15,0.7437
0.4473,1,2,1,2,6,0,3,0.4471,22,0.5821
0.6429,4,0,1,1,6,1,1,0.6513,16,0.4724
0.9437,6,2,5,3,16,1,4,0.8876,18,0.4578
0.9624,0,1,1,1,3,0,1,0.7991,37,0.922
0.7097,2,4,4,1,11,1,1,0.8101,16,0.5299
0.9264,0,2,0,1,3,0,1,0.8787,24,1.0
0.55,1,6,1,2,10,0,1,0.6808,18,0.7323
0.3606,0,3,3,1,7,0,3,0.4702,21,0.6188
0.7343,0,3,5,2,10,0,1,0.69,28,0.6513
0.7751,1,1,4,3,9,0,1,0.8547,28,0.683
0.7054,0,1,1,1,3,0,1,0.6052,30,0.8189
0.197,0,1,0,0,1,0,0,0.3023,23,0.3982
0.2104,0,0,3,2,5,0,2,0.423,43,0.4237
0.2819,5,0,0,0,5,1,1,0.2978,18,0.164
0.5979,0,0,0,1,1,0,0,0.5397,25,0.7192
0.9346,0,1,0,1,2,0,0,0.9554,15,0.9274
0.2018,0,0,0,1,1,0,0,0.1971,23,0.4074
0.6122,0,2,0,0,2,0,0,0.5706,23,0.7661
0.9456,1,1,0,1,3,1,0,0.9311,13,0.8142
0.9214,0,2,1,2,5,0,0,0.7285,15,0.9349
0.7325,3,5,1,0,9,0,0,0.7171,19,0.7143
0.2007,0,1,3,2,6,0,2,0.2981,17,0.3693
0.8968,2,3,3,1,9,0,1,0.8078,26,0.7304
0.684,1,4,0,0,5,0,1,0.6535,22,0.8053
0.1671,0,1,0,0,1,0,1,0.2988,16,0.471
0.9484,1,1,1,1,4,0,1,1.0,19,0.9569
0.7659,0,0,3,1,4,0,1,0.6863,22,0.8525
0.8142,5,2,0,1,8,0,7,0.7635,35,0.7163
0.6394,0,0,4,1,5,0,1,0.7978,13,0.5826
0.9351,2,3,0,2,7,1,3,0.8778,16,0.6503
0.342,0,2,3,1,6,0,1,0.4417,42,0.3785
0.8704,0,1,0,0,1,0,0,0.8614,16,0.9066
0.7726,0,0,5,1,6,0,0,0.7745,28,0.7876
0.8095,0,0,2,1,3,0,0,0.6186,21,0.8101
0.6701,0,1,0,0,1,0,0,0.6064,23,0.7259
0.6943,0,0,2,2,4,0,0,0.6697,32,0.7711
0.887,0,0,0,0,0,0,0,0.7915,33,0.9939
0.3944,0,1,1,1,3,0,1,0.3859,34,0.5502
0.9327,10,1,6,1,18,1,0,0.8569,15,0.2055
0.6831,2,2,2,1,7,1,1,0.6282,13,0.4528
0.8514,7,0,3,0,10,1,0,0.9047,22,0.4442
0.6844,3,6,0,1,10,1,1,0.7948,22,0.5874
0.5961,3,2,1,0,6,1,4,0.5012,27,0.5105
0.05,4,0,4,1,9,0,6,0.2527,17,0.1963
0.9877,1,1,0,0,2,0,0,0.996,28,1.0
0.1519,1,3,0,0,4,0,3,0.3153,50,0.5537
0.554,0,0,0,0,0,0,0,0.5422,22,0.7704
0.886,8,1,4,3,16,2,1,0.9296,27,0.1957
0.6216,0,2,0,0,2,0,1,0.5842,21,0.7674
0.1519,0,0,0,1,1,0,0,0.3147,26,0.4954
0.3646,0,1,2,1,4,0,1,0.4911,29,0.5178
0.6897,0,2,1,1,4,0,0,0.7139,17,0.8332
0.7593,0,1,0,0,1,0,0,0.7724,17,0.8621
0.8166,5,2,1,0,8,0,5,0.8003,26,0.6523
0.8364,1,1,0,0,2,0,0,0.7597,22,0.9438
0.8046,3,0,1,1,5,1,1,0.8428,23,0.625
0.8513,0,12,1,1,14,0,2,0.8547,50,0.9022
0.2784,0,5,3,1,9,0,2,0.2835,13,0.5025
0.851,4,7,0,0,11,1,3,0.7448,22,0.6711
0.799,5,4,0,0,9,2,0,0.7818,20,0.5188
0.7642,1,3,0,1,5,0,0,0.7371,23,0.7058
0.959,0,1,0,1,2,0,0,0.9919,50,0.9828
0.7822,0,1,0,0,1,0,0,0.9025,25,0.8936
0.6222,0,5,1,1,7,0,5,0.5416,11,0.6629
0.3274,1,2,1,1,5,0,4,0.4293,29,0.5304
0.2318,1,3,0,2,6,0,1,0.321,29,0.556
0.55,0,2,0,1,3,0,2,0.4909,23,0.6779
0.896,0,0,0,0,0,0,0,0.784,21,0.9088
0.6472,0,3,5,2,10,0,2,0.6432,13,0.749
0.8569,2,6,2,1,11,0,1,0.7861,26,0.7591
0.7905,0,2,3,2,7,0,2,0.7852,25,0.7041
0.8785,0,9,1,1,11,0,4,0.7852,33,0.905
0.6645,0,1,0,2,3,0,3,0.5751,30,0.7895
0.855,3,1,0,1,5,0,0,0.7727,20,0.7743
0.7817,3,4,0,0,7,1,2,0.7489,24,0.6513
0.2077,2,0,0,1,3,1,0,0.2986,19,0.2145
0.7613,0,2,1,1,4,0,0,0.9181,24,0.8152
0.8273,3,1,0,1,5,0,2,0.7898,35,0.8076
0.6577,0,3,2,1,6,0,1,0.7373,29,0.7844
0.343,2,2,6,2,12,1,6,0.5008,35,0.1094
0.8111,8,1,0,0,9,0,1,0.6227,32,0.6266
0.7011,0,0,0,1,1,0,0,0.7066,14,0.8176
0.5635,0,1,0,0,1,0,1,0.5364,30,0.8981
0.5766,0,1,1,1,3,0,0,0.5883,25,0.6625
0.9406,0,4,0,2,6,0,4,0.9465,11,1.0
0.55,0,6,2,1,9,0,5,0.491,15,0.639
0.8825,1,1,3,2,7,0,1,0.9048,36,0.7979
0.901,3,2,1,1,7,1,5,0.9145,26,0.6869
0.7451,0,1,0,0,1,0,0,0.7423,40,0.9055
0.7515,0,1,0,0,1,0,0,0.7717,46,0.9296
0.05,0,2,1,0,3,0,3,0.1702,34,0.3981
0.7514,0,2,0,2,4,0,0,0.6722,19,0.7987
0.6078,0,0,0,0,0,0,0,0.5919,40,0.7394
0.7837,1,1,3,1,6,0,3,0.81,16,0.7798
0.5649,2,1,0,0,3,1,1,0.592,23,0.5367
0.8144,1,7,2,2,12,0,8,0.9096,22,0.8736
0.89,2,2,0,0,4,0,1,0.9482,27,0.9239
0.7186,7,1,3,2,13,1,0,0.6699,23,0.3489
0.1137,0,3,2,1,6,0,2,0.2936,25,0.4876
0.777,0,4,4,2,10,0,0,0.714,14,0.7289
0.8537,0,5,0,0,5,0,1,0.8347,50,0.8809
0.8343,1,0,1,1,3,0,0,0.645,11,0.7548
0.1564,10,4,5,3,22,4,2,0.3375,26,0.0
0.8593,1,0,4,1,6,0,2,0.6909,30,0.8287
0.6396,0,8,2,1,11,0,4,0.7388,21,0.6824
0.8915,3,1,0,0,4,0,0,0.7919,30,0.9038
0.6376,0,1,0,1,2,0,1,0.6274,9,0.8071
0.4709,3,0,0,0,3,1,1,0.5237,25,0.5161
0.6057,0,0,4,1,5,0,1,0.5359,23,0.6837
0.8417,1,1,0,0,2,0,0,0.8015,30,0.8867
0.674,0,6,3,1,10,0,2,0.5009,24,0.6633
0.3657,3,1,1,1,6,1,0,0.5134,34,0.2984
0.8316,0,4,0,0,4,0,1,0.7083,28,0.9114
0.7357,6,2,5,5,18,3,13,0.6895,34,0.1031
0.2699,2,1,4,2,9,0,2,0.2824,26,0.3122
0.8407,2,1,1,1,5,0,0,0.7472,24,0.8825
0.8934,7,1,3,1,12,0,5,0.829,26,0.4857
0.4287,0,3,0,0,3,0,0,0.4406,24,0.667
0.8451,2,7,0,0,9,1,1,0.8073,34,0.6149
0.6229,2,1,2,1,6,0,3,0.7532,26,0.6686
0.7309,3,2,0,0,5,2,1,0.6421,19,0.5685
0.9105,0,2,0,1,3,0,0,0.9252,23,0.9659
0.8683,0,7,0,0,7,0,2,0.8625,13,0.9782
0.8961,0,0,0,0,0,0,0,0.9337,28,0.9218
0.264,0,2,1,0,3,0,0,0.377,18,0.608
0.7679,0,1,1,0,2,0,0,0.9017,20,0.8456
0.2806,0,2,4,1,7,0,4,0.3471,13,0.4587
0.8665,0,1,1,2,4,0,0,0.9186,31,0.9051
0.8615,0,0,5,2,7,0,1,0.8284,26,0.6055
0.5801,0,6,0,1,7,0,0,0.578,26,0.6943
0.9195,10,5,6,1,22,1,7,0.8326,21,0.2438
0.8394,0,4,0,1,5,0,2,0.7236,20,0.9617
0.681,2,0,6,1,9,0,1,0.4825,27,0.5334
0.7949,0,2,3,0,5,0,4,0.786,15,0.8149
0.55,1,3,0,0,4,0,0,0.4526,30,0.5918
0.8656,1,1,3,2,7,0,4,0.7491,39,0.8464
0.6105,4,0,1,0,5,2,1,0.7051,27,0.5078
0.1281,0,1,3,1,5,0,1,0.2427,15,0.3515
0.672,6,1,0,0,7,1,4,0.6111,18,0.3959
0.6742,0,0,0,0,0,0,0,0.7186,12,0.7456
0.55,2,2,1,1,6,2,1,0.5847,17,0.447
0.768,3,4,0,0,7,0,3,0.7881,50,0.9249
0.9432,0,0,3,1,4,0,1,0.79,24,0.897
0.9812,0,0,1,0,1,0,0,0.962,37,1.0
0.5741,0,1,3,4,8,0,4,0.6995,18,0.6529
0.1924,0,0,5,1,6,0,0,0.1264,37,0.2385
0.9199,0,2,0,0,2,0,0,1.0,17,1.0
0.7712,0,1,1,0,2,0,0,0.899,21,0.8191
0.9254,0,0,5,2,7,0,0,0.9121,23,0.7868
0.7509,1,1,0,0,2,0,0,0.699,25,0.8401
0.1419,0,2,1,0,3,0,0,0.2324,33,0.4989
0.6408,0,5,2,1,8,0,4,0.6372,24,0.7393
0.9153,0,6,1,1,8,0,4,0.9079,21,0.9499
0.922,7,1,1,0,9,0,2,0.8305,18,0.6523
0.7667,0,1,0,0,1,0,0,0.6829,31,0.8085
0.7345,6,3,1,1,11,1,0,0.715,22,0.4196
0.0768,1,3,0,1,5,0,1,0.1786,30,0.3262
0.3572,2,0,0,0,2,1,0,0.3679,29,0.2598
0.5935,0,0,1,1,2,0,0,0.4562,34,0.6132
0.5844,3,0,3,1,7,1,2,0.6463,35,0.3317
0.7895,0,3,0,0,3,0,1,0.7253,43,0.8057
0.7979,0,0,1,1,2,0,0,0.7024,41,0.7752
0.6283,0,1,0,0,1,0,0,0.7025,26,0.7142
0.9066,1,2,1,1,5,0,0,0.911,31,0.9044
0.6099,0,1,1,1,3,0,1,0.5753,22,0.7442
0.9061,0,0,1,1,2,0,2,0.896,15,1.0
0.05,2,3,1,1,7,0,1,0.1376,34,0.1977
0.8639,0,7,4,2,13,0,1,0.921,31,0.7649
0.7267,0,0,1,0,1,0,0,0.753,18,0.8699
0.7798,0,12,0,0,12,0,1,0.5896,22,0.8471
0.9741,0,2,0,0,2,0,1,0.8199,42,0.9864
0.8697,3,6,1,1,11,0,4,0.7751,33,0.8754
0.166,0,2,0,0,2,0,0,0.187,19,0.4446
0.8574,0,0,1,1,2,0,0,0.8309,12,0.843
0.866,2,2,0,0,4,0,0,0.9598,14,0.8412
0.8596,0,2,1,0,3,0,3,0.8043,43,0.9168
0.8357,7,1,0,1,9,0,8,0.8057,17,0.6873
0.6876,1,0,0,0,1,0,0,0.6877,27,0.7206
0.9308,0,1,0,4,5,0,0,1.0,49,0.9118
0.7486,1,2,0,0,3,1,0,0.8241,33,0.6945
0.5668,9,1,2,1,13,3,5,0.6475,24,0.1061
0.7353,0,0,5,1,6,0,1,0.7836,26,0.6521
0.1178,3,1,0,1,5,0,0,0.1606,26,0.363
0.1806,2,0,6,4,12,0,3,0.3737,27,0.2193
0.8773,0,0,0,2,2,0,0,0.8322,30,0.8498
0.07,0,0,4,1,5,0,1,0.1901,15,0.26
0.8415,4,0,1,1,6,0,2,0.8127,14,0.7665
0.8586,0,4,4,2,10,0,5,0.8317,29,0.7512
0.7994,5,3,4,1,13,1,3,0.7515,22,0.2435
0.9184,0,1,4,2,7,0,1,0.8114,26,0.7947
0.6288,0,1,1,0,2,0,0,0.6883,27,0.8049
0.55,2,0,4,1,7,0,0,0.5647,33,0.6449
0.6865,0,1,6,2,9,0,1,0.649,28,0.4418
0.8422,0,3,1,0,4,0,0,0.8457,25,1.0
0.7145,0,3,0,1,4,0,2,0.7077,21,0.7747
0.4491,0,6,0,1,7,0,4,0.4659,20,0.7133
0.55,0,2,0,0,2,0,0,0.4987,43,0.7951
0.2977,0,1,0,0,1,0,0,0.5138,48,0.6647
0.55,0,0,4,2,6,0,2,0.4459,21,0.567
0.3514,0,3,2,1,6,0,0,0.339,31,0.4224
0.877,0,4,0,2,6,0,2,0.8563,26,0.949
0.6881,4,0,0,0,4,1,1,0.7519,12,0.4567
0.9518,0,0,0,0,0,0,0,0.8948,25,0.9172
0.2686,0,6,5,3,14,0,0,0.1693,23,0.4927
0.7108,3,2,3,1,9,1,4,0.6638,24,0.4849
0.8668,2,1,3,2,8,1,0,0.8055,18,0.6932
0.8972,0,1,4,2,7,0,3,1.0,50,0.7865
0.9527,7,1,1,0,9,2,9,0.8146,20,0.5897
0.8899,0,0,1,1,2,0,1,0.877,22,0.9803
0.1358,1,0,0,0,1,0,1,0.1534,14,0.5266
0.8471,1,1,0,1,3,0,3,0.755,50,0.8705
0.9798,0,4,0,0,4,0,1,0.8745,15,0.9708
0.2492,0,0,5,1,6,0,1,0.2606,18,0.339
0.4103,2,2,0,0,4,1,3,0.5121,30,0.2427
0.2135,7,1,0,0,8,0,3,0.2854,23,0.1725
0.2854,4,0,1,1,6,1,0,0.267,21,0.1795
0.9209,1,0,1,2,4,0,0,0.914,31,0.8482
0.7809,1,6,0,2,9,0,4,0.8418,21,0.8301
0.9042,1,0,0,1,2,0,0,0.9516,40,0.9306
0.8118,0,5,0,1,6,0,0,0.9004,24,0.9907
0.7187,1,2,0,0,3,0,3,0.6568,18,0.8687
0.5978,4,5,1,0,10,1,2,0.4964,19,0.387
0.8504,0,2,1,1,4,0,1,0.7671,19,0.9303
0.9234,0,2,5,1,8,0,5,0.8419,21,0.7589
0.7231,0,1,3,0,4,0,2,0.8098,29,0.7506
0.1492,3,1,3,3,10,0,2,0.0988,27,0.2507
0.8944,0,3,3,1,7,0,4,0.8652,26,0.7951
0.9694,0,2,0,2,4,0,2,1.0,25,0.9879
0.9227,0,3,2,1,6,0,2,0.8284,20,0.8372
0.05,1,0,1,1,3,1,1,0.1239,32,0.1373
0.8351,4,1,0,1,6,1,3,0.7991,22,0.7003
0.9185,0,2,1,1,4,0,1,0.9161,38,0.9097
0.7846,0,3,2,1,6,0,0,0.654,17,0.8034
0.8206,0,1,0,0,1,0,0,0.8691,40,0.8911
0.3312,0,2,5,2,9,0,0,0.1611,31,0.2849
0.1838,0,0,0,0,0,0,0,0.343,22,0.4088
0.8398,1,2,0,0,3,0,1,0.8151,29,0.954
0.852,2,1,3,3,9,1,7,0.7825,20,0.7137
0.55,0,0,1,1,2,0,1,0.5641,39,0.7173
0.8413,0,5,2,2,9,0,2,1.0,22,0.8341
0.8505,0,5,4,1,10,0,7,0.7989,23,0.8231
0.9513,3,2,0,2,7,1,1,0.8642,16,0.6528
0.5711,3,3,1,1,8,0,4,0.4491,41,0.6335
0.8178,0,2,3,3,8,0,1,0.6941,24,0.7709
0.9223,0,3,1,1,5,0,1,0.7604,18,0.9247
0.8816,0,3,0,1,4,0,4,0.7504,24,0.9468
0.55,0,4,5,3,12,0,6,0.5927,32,0.49
0.2802,2,0,2,0,4,0,0,0.3167,17,0.3895
0.9565,0,3,0,0,3,0,0,0.8526,15,0.9374
0.3145,4,1,4,1,10,0,4,0.3095,27,0.2611
0.9684,0,0,2,3,5,0,1,0.7838,28,0.8184
0.7837,0,1,5,1,7,0,4,0.6581,16,0.6862
0.8022,0,1,0,1,2,0,0,0.8985,24,0.8683
0.9318,0,0,0,0,0,0,0,0.9155,28,0.9949
0.8751,0,3,0,0,3,0,3,0.8534,48,0.9682
0.5022,4,2,4,2,12,2,5,0.5885,30,0.1117
0.9584,3,1,1,0,5,0,4,0.8517,21,0.8218
0.8972,0,0,0,0,0,0,0,0.7733,28,0.9145
0.7071,1,6,1,1,9,0,5,0.725,23,0.8027
0.8762,2,1,0,1,4,0,1,0.8059,35,0.9382
0.0965,3,2,1,1,7,0,2,0.1786,20,0.334
0.4821,1,4,0,1,6,0,2,0.452,21,0.6073
0.7062,0,4,4,1,9,0,2,0.6698,22,0.7799
0.787,0,1,5,2,8,0,2,0.912,32,0.6379
0.7228,0,3,2,1,6,0,1,0.686,15,0.847
0.8133,3,2,0,0,5,0,1,0.8653,27,0.7861
0.7226,1,3,0,0,4,0,1,0.6308,40,0.6578
0.9087,0,7,1,0,8,0,4,0.7171,25,1.0
0.2544,0,2,0,0,2,0,1,0.4718,40,0.6818
0.1199,0,1,0,0,1,0,0,0.3832,27,0.4001
0.8031,0,1,4,4,9,0,1,0.5459,14,0.6857
0.5579,0,3,2,1,6,0,2,0.6481,19,0.66
0.55,0,0,2,1,3,0,1,0.5296,21,0.6558
0.5287,1,0,1,1,3,0,0,0.594,28,0.5493
0.8961,0,0,4,1,5,0,3,0.7681,28,0.7697
0.6338,0,0,0,0,0,0,0,0.5924,18,0.8069
0.7347,0,3,1,1,5,0,5,0.7047,28,0.8182
0.1079,0,3,1,0,4,0,1,0.1913,23,0.4947
0.1527,0,1,0,0,1,0,0,0.1954,33,0.4715
0.7714,3,6,5,1,15,0,6,0.9537,17,0.7935
0.2401,10,0,1,0,11,0,1,0.214,17,0.1048
0.2819,0,3,1,2,6,0,1,0.4458,24,0.5346
0.9035,3,2,3,1,9,0,1,0.9236,32,0.6592
0.1684,1,4,0,2,7,0,1,0.2638,37,0.3312
0.7386,0,1,2,2,5,0,1,0.6221,17,0.8227
0.2874,2,5,2,1,10,1,3,0.3963,21,0.1834
0.9013,1,1,4,1,7,0,1,0.9909,21,0.8376
0.8658,1,0,0,1,2,0,0,0.821,40,0.8899
0.55,7,0,4,3,14,0,6,0.4751,39,0.2415
0.6889,0,5,0,1,6,0,1,0.6571,14,0.7898
0.2415,0,3,3,1,7,0,1,0.2324,29,0.3699
0.746,6,1,7,4,18,3,4,0.7602,29,0.0739
0.7351,0,3,3,0,6,0,1,0.6316,50,0.787
0.9485,1,1,1,2,5,0,1,0.9882,37,0.9434
0.55,1,0,0,1,2,0,0,0.6611,36,0.6669
0.607,0,2,0,0,2,0,2,0.6712,20,0.7338
0.8302,0,1,0,1,2,0,0,0.7785,23,0.9129
0.8834,1,12,4,3,20,0,5,0.7994,30,0.7344
0.8031,0,1,0,0,1,0,0,1.0,24,0.9785
0.7906,1,1,1,0,3,0,0,0.601,16,0.9344
0.7208,0,1,0,0,1,0,1,0.6486,29,0.8769
0.9661,0,1,1,1,3,0,0,1.0,22,0.976
0.5791,0,0,0,0,0,0,0,0.6944,27,0.7621
0.85,0,4,4,3,11,0,10,0.8354,26,0.7166
0.7212,0,1,1,1,3,0,3,0.5635,21,0.7271
0.0594,7,2,0,1,10,1,0,0.04,16,0.0
0.5304,0,5,0,0,5,0,0,0.5208,17,0.693
0.9084,0,3,5,3,11,0,3,0.833,23,0.7374
0.7301,7,0,0,1,8,1,4,0.6832,13,0.458
0.8022,0,2,0,0,2,0,1,0.7607,20,0.8814
0.8233,0,1,0,0,1,0,0,0.7841,45,0.905
0.9127,0,7,1,1,9,0,1,0.8772,30,0.8812
0.3247,10,3,1,1,15,2,3,0.3808,18,0.0118
0.5617,1,1,0,1,3,0,1,0.546,36,0.7195
0.0733,0,0,1,0,1,0,0,0.2331,23,0.5243
0.13,0,3,0,0,3,0,1,0.194,41,0.5136
0.8835,4,4,2,3,13,2,4,0.9504,21,0.6093
0.2995,0,1,0,0,1,0,0,0.2926,31,0.5394
0.3502,0,1,1,1,3,0,1,0.3418,15,0.6001
0.05,3,5,5,2,15,0,0,0.1191,18,0.2199
0.7798,2,4,1,1,8,0,1,0.9564,40,0.7426
0.8664,0,3,1,1,5,0,0,0.7305,18,0.9306
0.7007,0,1,1,0,2,0,0,0.6735,16,0.8855
0.55,0,3,0,1,4,0,1,0.5715,19,0.7457
0.32,0,1,3,0,4,0,3,0.5034,31,0.5686
0.3135,6,1,4,1,12,4,3,0.4126,21,0.0
0.1755,2,4,1,1,8,0,2,0.1797,35,0.3144
0.8375,1,4,0,0,5,0,2,0.8279,21,0.911
0.6156,0,3,0,0,3,0,1,0.4772,29,0.7034
0.9638,0,2,0,0,2,0,0,0.8722,14,0.9785
0.2768,0,0,1,1,2,0,2,0.3424,22,0.4581
0.8152,0,3,5,2,10,0,2,0.7996,16,0.7128
0.0807,10,1,4,2,17,0,12,0.1494,23,0.0
0.921,0,0,1,1,2,0,1,0.8919,15,0.953
0.774,0,1,4,2,7,0,2,0.7357,22,0.6362
0.6005,5,2,0,0,7,5,2,0.6306,20,0.3226
0.8337,0,1,6,2,9,0,0,0.6701,31,0.751
0.3528,1,2,5,2,10,0,1,0.3489,29,0.4209
0.3008,0,4,6,1,11,0,6,0.3659,20,0.3387
0.777,0,3,1,1,5,0,0,0.783,21,0.8379
0.8317,0,2,0,0,2,0,0,0.7869,16,0.9402
0.55,0,3,2,3,8,0,3,0.5151,48,0.6469
0.2592,0,0,5,3,8,0,4,0.3137,20,0.2257
0.1333,0,0,0,0,0,0,0,0.3533,20,0.542
0.7228,0,1,1,4,6,0,0,0.7508,20,0.9285
0.7789,0,11,0,1,12,0,1,0.7543,39,0.7864
0.7327,0,0,1,1,2,0,0,0.6662,19,0.8515
0.7003,0,1,6,4,11,0,0,0.7553,28,0.6204
0.8949,0,0,1,1,2,0,0,0.8083,17,0.9028
0.3755,6,5,2,2,15,1,9,0.2711,16,0.1662
0.8561,1,0,0,1,2,0,1,0.7743,17,0.8266
0.8489,4,2,4,3,13,0,9,0.7589,50,0.6236
0.6374,3,0,5,1,9,0,2,0.607,19,0.6266
0.2297,0,0,0,1,1,0,0,0.3911,25,0.5088
0.3706,0,1,0,0,1,0,0,0.5201,22,0.6049
0.55,0,1,0,1,2,0,0,0.5291,24,0.7206
0.8817,0,1,1,1,3,0,1,1.0,15,0.9161
0.5956,0,0,3,2,5,0,1,0.5702,27,0.7399
0.7392,0,2,2,0,4,0,1,0.6461,26,0.7318
0.7686,0,0,0,0,0,0,0,0.791,23,0.9244
0.8591,0,5,1,0,6,0,0,0.9523,22,0.8781
0.7868,1,0,2,1,4,0,1,0.7112,26,0.8055
0.2019,2,1,0,1,4,0,2,0.2527,26,0.4097
0.713,1,1,1,0,3,0,0,0.8179,29,0.6579
0.7528,1,4,0,1,6,0,4,0.5586,21,0.7886
0.9427,4,0,2,0,6,1,1,0.9218,33,0.5329
0.8119,0,2,0,0,2,0,1,0.5854,8,0.8527
0.8269,0,2,4,2,8,0,4,0.803,23,0.8473
0.0809,5,3,0,0,8,2,1,0.0649,29,0.0
0.8064,0,1,1,1,3,0,0,0.6611,23,0.7844
0.6628,0,1,2,0,3,0,0,0.6865,14,0.8318
0.7695,5,4,4,2,15,1,10,0.6974,23,0.3613
0.4717,0,3,1,1,5,0,1,0.4743,32,0.7382
0.5538,4,3,4,1,12,0,1,0.5053,24,0.4695
0.6503,0,1,0,0,1,0,0,0.6197,27,0.7485
0.6463,0,5,0,0,5,0,0,0.6472,33,0.7945
0.0709,9,0,3,0,12,6,4,0.1407,45,0.0
0.8594,0,3,0,0,3,0,0,0.9066,25,0.988
0.9788,0,1,0,1,2,0,1,0.7954,38,0.9809
0.916,0,1,7,4,12,0,1,0.9353,26,0.7066
0.8311,3,2,0,2,7,1,0,0.8623,16,0.6036
0.6778,0,2,1,1,4,0,1,0.6915,48,0.7434
0.55,0,1,0,1,2,0,2,0.6069,18,0.8426
0.7259,0,5,3,2,10,0,5,0.7999,33,0.7403
0.9259,0,1,5,4,10,0,1,0.9938,26,0.7219
0.8154,0,1,0,0,1,0,1,0.7754,17,0.8873
0.1302,0,1,0,1,2,0,0,0.229,28,0.501
0.8126,0,2,0,0,2,0,0,0.7776,27,0.9333
0.9395,4,1,0,0,5,0,2,0.8196,24,0.8347
0.2903,1,1,1,0,3,1,1,0.4818,24,0.2882
0.8431,0,3,1,1,5,0,2,0.686,39,0.8608
0.6995,0,0,4,2,6,0,0,0.6568,15,0.5597
0.0898,5,4,1,1,11,0,1,0.1457,31,0.1363
0.9256,0,1,0,1,2,0,0,0.9185,18,1.0
0.8172,0,6,2,1,9,0,1,0.6844,32,0.7892
0.1212,1,3,0,1,5,0,2,0.275,29,0.4417
0.341,3,3,4,1,11,0,2,0.3755,18,0.4287
0.8412,0,1,1,1,3,0,0,0.8319,16,0.9126
0.9479,0,0,5,1,6,0,1,0.8683,27,0.8171
0.8001,0,1,1,1,3,0,0,0.8475,45,0.9636
0.881,5,2,3,1,11,0,4,0.6836,15,0.6877
0.8414,0,2,1,1,4,0,1,0.6538,21,0.8365
0.55,0,0,5,1,6,0,0,0.6003,37,0.62
0.1543,1,4,3,2,10,0,4,0.1944,24,0.3318
0.8832,0,2,1,0,3,0,1,0.7105,25,0.8622
0.4219,0,0,1,1,2,0,0,0.5118,14,0.6174
0.8825,0,5,4,2,11,0,4,0.8172,36,0.7826
0.8237,0,4,0,0,4,0,3,0.7318,44,0.8209
0.811,0,0,0,0,0,0,0,0.8064,25,0.9032
0.8896,0,0,0,0,0,0,0,0.8859,12,0.9544
0.9693,0,4,0,0,4,0,1,0.9919,35,1.0
0.6256,0,2,4,3,9,0,4,0.58,42,0.4851
0.5586,1,0,1,1,3,0,0,0.6032,10,0.6407
0.8356,0,5,4,0,9,0,6,0.6969,50,0.773
0.7448,0,5,4,1,10,0,1,0.6518,30,0.7125
0.55,6,2,1,0,9,0,2,0.6859,16,0.4245
0.7936,1,2,4,4,11,0,4,0.8317,27,0.7254
0.8892,2,2,2,1,7,1,1,0.7331,24,0.516
0.7359,1,5,0,1,7,0,1,0.7549,38,0.8026
0.7605,0,2,0,1,3,0,3,0.8283,32,0.933
0.8924,1,1,0,0,2,0,2,0.9702,30,0.9198
0.1314,1,3,0,1,5,0,2,0.2217,13,0.3726
0.6451,5,0,5,3,13,0,1,0.6019,16,0.4921
0.3141,1,7,3,2,13,0,0,0.3358,16,0.3846
0.856,1,4,1,1,7,0,1,0.9052,29,0.8561
0.9844,0,1,1,0,2,0,1,0.9334,23,0.9971
0.4399,1,1,1,1,4,0,4,0.3683,26,0.6422
0.671,0,3,0,0,3,0,1,0.6501,27,0.6977
0.7444,0,2,0,1,3,0,0,0.7811,28,0.8185
0.6274,0,3,0,2,5,0,1,0.4837,38,0.6716
0.6168,0,0,4,0,4,0,1,0.7738,50,0.6051
0.8202,1,1,6,1,9,1,4,0.7348,21,0.4056
0.9202,1,5,0,0,6,0,3,0.7316,23,0.8853
0.9312,0,0,3,2,5,0,0,0.814,28,0.8627
0.3873,3,2,0,1,6,1,2,0.288,42,0.2427
0.7471,2,0,1,1,4,1,1,0.6434,35,0.5565
0.8084,0,0,5,4,9,0,5,0.8119,14,0.7167
0.6683,0,3,4,2,9,0,2,0.8225,26,0.635
0.7212,0,1,6,1,8,0,4,0.6992,27,0.6466
0.8901,0,3,2,1,6,0,3,0.9105,28,0.9617
0.7818,4,3,1,0,8,0,2,0.8278,40,0.7482
0.1932,0,5,5,3,13,0,1,0.3155,33,0.2627
0.789,0,2,0,0,2,0,0,0.7243,20,0.8821
0.6432,5,1,3,2,11,1,4,0.6019,14,0.2467
0.6295,0,0,0,0,0,0,0,0.71,34,0.8143
0.409,10,2,1,1,14,1,0,0.5746,22,0.1207
0.8834,5,1,0,0,6,0,1,0.8889,35,0.7462
0.9548,0,0,2,1,3,0,0,0.9899,22,0.9293
0.9273,1,1,0,1,3,0,1,0.8365,24,0.9713
0.564,0,2,0,1,3,0,1,0.6932,34,0.7205
0.8831,0,2,3,1,6,0,1,0.8742,22,0.8571
0.3727,0,4,5,3,12,0,5,0.3169,36,0.3223
0.7493,0,3,0,1,4,0,0,0.6729,20,0.8017
0.9077,0,0,0,0,0,0,0,0.8671,26,0.9526
0.5901,6,1,1,0,8,0,2,0.5353,15,0.6827
0.9278,0,1,0,1,2,0,0,0.9067,24,0.9596
0.7739,1,1,0,2,4,0,4,0.7691,25,0.7957
0.858,0,4,0,1,5,0,5,0.9577,31,0.9255
0.8013,0,1,1,1,3,0,0,0.8619,16,0.861
0.8554,0,1,3,0,4,0,2,0.988,26,0.8971
0.1911,0,2,1,1,4,0,1,0.3131,46,0.4732
0.9578,2,1,1,2,6,0,1,0.9079,21,0.9647
0.2689,0,9,1,1,11,0,7,0.3039,31,0.5145
0.924,1,4,0,0,5,0,1,0.9285,49,1.0
0.59,4,2,0,1,7,0,2,0.6974,36,0.6443
0.4693,0,1,0,0,1,0,0,0.5074,48,0.7204
0.1436,0,5,1,1,7,0,0,0.2314,31,0.3158
0.9167,0,1,0,0,1,0,0,0.9218,13,0.9806
0.8354,0,4,0,1,5,0,2,0.7828,30,0.9018
0.05,0,1,0,0,1,0,1,0.1157,40,0.3815
0.7596,0,0,2,1,3,0,1,0.7586,18,0.6859
0.6703,0,1,3,2,6,0,1,0.5413,20,0.723
0.9099,5,3,1,3,12,2,2,0.9964,21,0.4802
0.7074,0,8,0,0,8,0,3,0.7177,50,0.821
0.7508,1,1,0,0,2,0,0,0.8498,34,0.8406
0.7548,1,2,4,3,10,0,1,0.7178,24,0.6449
0.7737,0,1,7,3,11,0,5,0.6607,24,0.6259
0.7911,0,0,0,0,0,0,0,0.6978,28,0.8263
0.217,0,4,1,0,5,0,5,0.4082,19,0.4287
0.2997,0,0,1,1,2,0,1,0.3472,16,0.5434
0.8891,5,1,3,0,9,2,0,0.8717,26,0.4681
0.7014,0,3,1,0,4,0,0,0.6373,30,0.7729
0.8053,3,3,0,1,7,1,7,0.7412,18,0.5509
0.9243,0,5,0,0,5,0,0,0.9263,24,0.962
0.9748,0,1,0,0,1,0,1,0.8264,37,0.9966
0.9052,0,2,0,0,2,0,0,0.8674,29,1.0
0.8891,0,0,4,1,5,0,1,1.0,16,0.7906
0.5854,0,5,0,0,5,0,2,0.54,16,0.8337
0.8383,0,1,0,1,2,0,1,0.7291,14,0.9323
0.6874,3,1,0,0,4,0,1,0.7511,21,0.7078
0.05,0,1,0,0,1,0,0,0.1256,22,0.4555
0.7726,0,5,4,0,9,0,3,0.8756,18,0.6946
0.2955,0,1,4,2,7,0,4,0.4477,19,0.2987
0.8025,0,2,0,1,3,0,0,0.7164,25,0.8196
0.0984,0,1,3,2,6,0,2,0.1577,25,0.2802
0.7186,4,0,2,2,8,1,2,0.7276,25,0.4075
0.6684,0,1,4,3,8,0,0,0.7755,22,0.626
0.9818,0,0,3,1,4,0,1,1.0,20,0.9247
0.8384,0,0,1,0,1,0,0,0.8009,29,0.8008
0.2408,2,0,1,1,4,0,2,0.2149,17,0.4335
0.5887,1,1,0,0,2,0,1,0.5051,42,0.6243
0.8442,0,2,0,0,2,0,0,0.7835,30,0.8977
0.9373,0,1,1,1,3,0,2,0.8663,50,0.9237
0.3097,0,1,0,0,1,0,0,0.3105,12,0.4811
0.8186,1,2,0,0,3,0,3,0.7759,46,0.8143
0.8797,0,3,1,0,4,0,0,0.8064,22,0.8731
0.1404,1,0,7,6,14,0,3,0.104,21,0.0964
0.4494,10,3,6,1,20,2,5,0.447,27,0.0
0.3584,1,3,1,0,5,0,2,0.3795,21,0.5797
0.7001,2,1,0,0,3,0,0,0.6831,18,0.7087
0.9165,0,8,0,1,9,0,9,0.9013,21,0.9391
0.9142,8,5,0,0,13,3,8,0.7804,16,0.3339
0.8717,2,1,4,1,8,1,1,0.787,32,0.5736
0.7288,0,7,4,2,13,0,8,0.8287,23,0.5929
0.8383,0,2,0,2,4,0,1,0.6838,29,0.9293
0.2977,1,2,4,3,10,0,1,0.3971,12,0.3357
0.3086,0,2,0,1,3,0,0,0.2484,22,0.481
0.7464,1,4,5,3,13,0,2,0.8889,21,0.6747
0.8406,0,2,3,2,7,0,6,0.7981,20,0.8518
0.9213,0,3,0,0,3,0,3,0.9232,25,0.9989
0.8149,0,3,4,0,7,0,0,0.872,34,0.8491
0.8327,0,5,7,3,15,0,7,0.9125,32,0.6795
0.2784,1,0,1,0,2,0,0,0.3683,13,0.5909
0.8888,3,1,1,1,6,1,3,0.7144,19,0.6859
0.8459,0,5,5,1,11,0,7,0.8362,35,0.7524
0.093,1,0,0,0,1,1,0,0.2073,25,0.2911
0.6547,0,6,3,1,10,0,3,0.775,22,0.723
0.7768,0,1,3,2,6,0,0,0.7982,24,0.7706
0.9505,0,2,0,1,3,0,1,1.0,31,0.972
0.7806,1,1,4,2,8,0,2,0.7665,17,0.678
0.7058,2,4,0,1,7,1,1,0.6054,18,0.6098
0.7624,0,0,6,4,10,0,7,0.7463,37,0.5346
0.8137,0,1,1,1,3,0,0,0.8239,18,0.8972
0.9263,0,1,0,1,2,0,0,0.8598,32,0.9772
0.3278,2,1,7,6,16,0,1,0.4072,14,0.2259
0.9466,1,0,0,0,1,0,0,0.8883,19,0.8811
0.8069,6,5,5,3,19,1,4,0.8016,19,0.3033
0.3357,0,1,0,1,2,0,0,0.3482,25,0.6192
0.1063,0,1,0,0,1,0,0,0.2211,20,0.3887
0.7201,6,4,3,3,16,0,7,0.6921,34,0.5046
0.55,0,4,5,3,12,0,6,0.5732,19,0.348
0.8812,0,3,0,1,4,0,1,0.821,25,0.9605
0.7904,3,1,2,2,8,0,2,0.8166,23,0.6651
0.7063,0,4,0,0,4,0,0,0.6811,17,0.8765
0.7731,1,1,1,1,4,0,2,0.7555,38,0.7069
0.8557,0,3,0,0,3,0,0,1.0,24,0.9912
0.6685,9,2,3,3,17,1,5,0.6927,22,0.169
0.8529,9,3,0,0,12,0,5,0.7336,12,0.6658
0.864,9,0,1,2,12,1,1,0.7415,19,0.3066
0.749,5,1,2,1,9,1,4,0.5769,14,0.3574
0.4293,1,3,6,1,11,0,6,0.3665,26,0.5521
0.9258,1,8,3,1,13,0,4,0.8215,24,0.7864
0.9493,1,0,5,2,8,0,0,0.9468,23,0.7441
0.8225,7,0,0,1,8,1,1,0.7615,22,0.4452
0.7783,1,2,3,1,7,0,1,0.7699,25,0.6836
0.674,0,3,3,1,7,0,1,0.7345,20,0.7867
0.1692,2,1,3,3,9,1,1,0.4103,14,0.1896
0.8459,5,1,6,3,15,3,3,0.8391,19,0.2013
0.2295,0,3,1,2,6,0,0,0.2023,20,0.3162
0.8732,0,0,0,0,0,0,0,0.8311,24,0.9903
0.8758,0,0,0,0,0,0,0,0.741,29,0.9753
0.7103,0,2,1,1,4,0,1,0.6249,33,0.8242
0.8235,0,2,0,1,3,0,1,0.7498,25,0.9417
0.7416,0,0,4,1,5,0,3,0.734,25,0.6675
0.8904,5,7,0,0,12,0,6,0.8764,17,0.7826
0.572,3,1,1,1,6,1,0,0.6012,15,0.3155
0.6852,0,2,2,1,5,0,1,0.7772,47,0.6837
0.3011,3,2,0,1,6,1,0,0.373,25,0.3247
0.9617,0,1,2,1,4,0,1,0.9194,44,0.9027
0.7478,0,1,0,0,1,0,0,0.7449,18,0.9692
0.9423,0,2,1,0,3,0,0,1.0,13,0.9818
0.5099,0,3,1,1,5,0,0,0.4623,21,0.6071
0.8925,0,1,1,1,3,0,1,0.9253,34,0.9575
0.8793,0,5,0,0,5,0,1,0.7523,24,1.0
0.8039,0,9,0,0,9,0,3,0.8088,33,0.9271
0.6377,0,2,1,0,3,0,1,0.5035,23,0.6668
0.478,0,4,4,4,12,0,2,0.4815,23,0.5256
0.199,10,0,1,1,12,2,2,0.2763,19,0.0
0.8172,0,3,3,1,7,0,1,0.7274,27,0.7631
0.9093,0,0,0,0,0,0,0,0.8531,30,0.9422
0.8653,3,0,0,0,3,0,0,0.7844,17,0.8804
0.7849,0,1,3,1,5,0,3,0.7568,39,0.7847
0.1213,1,4,5,1,11,0,1,0.3636,20,0.2043
0.6347,2,2,3,3,10,0,6,0.6636,25,0.5589
0.7158,0,2,3,2,7,0,3,0.6396,41,0.6616
0.4599,0,2,0,0,2,0,0,0.3571,19,0.6712
0.4029,1,4,1,0,6,0,3,0.3646,21,0.5651
0.7882,0,2,4,2,8,0,1,0.8954,33,0.8199
0.9747,0,1,1,1,3,0,1,0.9958,21,1.0
0.3604,0,5,6,1,12,0,5,0.4328,16,0.2946
0.6994,0,2,0,0,2,0,1,0.8034,20,0.8711
0.9754,0,1,0,1,2,0,1,0.9389,25,1.0
0.6851,0,3,4,1,8,0,1,0.6885,37,0.7102
0.8842,1,3,0,1,5,0,2,0.8962,47,0.9563
0.7771,0,1,0,0,1,0,0,0.6492,18,0.8412
0.9422,0,4,1,0,5,0,3,0.7217,20,0.8946
0.7952,4,1,0,0,5,0,0,0.7952,19,0.8136
0.943,0,0,0,2,2,0,1,0.8591,33,0.9207
0.7658,4,0,0,0,4,1,1,0.8615,30,0.4142
0.1581,0,0,6,2,8,0,1,0.1684,29,0.2977
0.845,0,1,0,0,1,0,0,0.924,24,0.9215
0.8722,0,0,0,0,0,0,0,0.9037,25,0.9478
0.7525,8,2,0,0,10,1,3,0.6842,48,0.2989
0.9432,0,0,1,1,2,0,2,0.8292,21,0.8855
0.8519,0,0,3,1,4,0,0,0.6999,18,0.7431
0.8795,0,1,0,0,1,0,0,0.7137,17,0.9159
0.2133,1,1,0,1,3,0,1,0.3182,38,0.4975
0.8391,0,1,2,1,4,0,2,0.7168,21,0.7198
0.7704,1,2,4,2,9,0,5,0.6851,24,0.7238
0.2882,0,1,1,1,3,0,0,0.2977,21,0.4125
0.8963,0,1,0,0,1,0,0,0.8617,40,0.9262
0.0732,0,1,0,2,3,0,3,0.1661,19,0.4377
0.8282,7,0,2,3,12,3,1,0.8293,18,0.285
0.8365,0,4,0,0,4,0,4,0.7544,28,0.8529
0.0671,0,1,1,1,3,0,0,0.1972,32,0.5002
0.8407,0,0,1,1,2,0,2,0.8358,20,0.8471
0.9067,0,3,0,0,3,0,0,0.8888,18,0.9826
0.8887,0,0,3,2,5,0,3,0.9822,21,0.8645
0.8761,0,0,1,1,2,0,0,0.8581,15,0.9642
0.8474,2,2,1,2,7,1,2,0.8747,38,0.5933
0.3813,0,3,2,1,6,0,4,0.3796,12,0.6133
0.6658,0,0,1,1,2,0,0,0.5957,21,0.7112
0.9778,2,5,5,3,15,1,1,0.9851,39,0.6497
0.3158,3,3,0,1,7,1,1,0.3242,36,0.2233
0.385,0,1,1,0,2,0,0,0.4622,32,0.5734
0.7191,2,1,0,1,4,1,2,0.7542,30,0.7203
0.1563,1,0,0,1,2,0,0,0.1614,19,0.4353
0.8057,0,1,4,2,7,0,0,0.9011,26,0.7722
0.8805,0,4,5,2,11,0,1,0.9333,18,0.8976
0.9786,0,0,0,0,0,0,0,1.0,46,1.0
0.8776,0,2,1,1,4,0,0,0.6915,24,0.8428
0.1752,3,0,0,2,5,1,0,0.3146,19,0.2147
0.7376,0,1,1,0,2,0,0,0.6944,14,0.7629
0.8027,0,3,3,0,6,0,1,0.7968,17,0.8646
0.8882,0,2,4,1,7,0,1,0.7935,12,0.8659
0.2779,0,3,2,1,6,0,3,0.3062,15,0.426
0.116,4,1,0,1,6,1,3,0.2465,37,0.0892
0.8142,0,2,0,1,3,0,0,0.851,17,0.9127
0.5925,0,1,0,2,3,0,0,0.4485,24,0.7082
0.3729,0,2,3,1,6,0,0,0.4499,23,0.4346
0.2238,0,1,0,0,1,0,0,0.3288,15,0.5691
0.8903,0,0,0,1,1,0,0,0.8025,25,0.8586
0.9342,0,1,1,1,3,0,1,0.882,19,0.9241
0.8236,0,1,2,0,3,0,0,0.5835,47,0.7939
0.7617,0,7,0,0,7,0,5,0.6372,21,0.8433
0.1519,0,1,0,0,1,0,0,0.143,35,0.4792
0.855,0,4,3,2,9,0,2,0.8127,22,0.7469
0.7998,2,0,1,2,5,0,1,0.7881,20,0.8034
0.9859,7,0,2,1,10,4,4,0.8886,23,0.3486
0.4013,5,0,1,0,6,1,2,0.4071,24,0.2032
0.7515,1,0,0,0,1,0,0,0.6447,14,0.7498
0.3323,0,1,1,1,3,0,1,0.5548,16,0.487
0.7589,0,7,1,0,8,0,0,0.8244,14,0.8709
0.05,0,1,4,2,7,0,1,0.1353,26,0.1908
0.548,3,4,0,0,7,1,5,0.5553,23,0.446
0.8705,0,5,1,1,7,0,4,0.8284,23,0.9427
0.6525,3,1,2,1,7,1,1,0.7959,49,0.5362
0.4024,0,2,1,0,3,0,1,0.3343,18,0.6979
0.9767,2,1,0,0,3,1,1,0.8768,36,0.7359
0.7944,0,0,4,1,5,0,0,0.8081,28,0.6989
0.7776,0,1,0,0,1,0,1,0.8765,26,0.9472
0.4829,0,2,1,1,4,0,1,0.4187,27,0.6486
0.8259,0,2,3,1,6,0,1,0.7771,30,0.8593
0.7799,2,1,3,3,9,0,3,0.7991,28,0.6851
0.8968,0,2,1,1,4,0,2,0.9126,16,0.9731
0.9203,0,0,0,0,0,0,0,0.7217,21,0.9833
0.6986,0,1,1,1,3,0,2,0.6569,28,0.8181
0.3735,0,7,1,0,8,0,1,0.43,27,0.6235
0.8918,5,1,1,1,8,1,1,0.7237,23,0.5629
0.2489,2,1,5,0,8,0,0,0.4172,50,0.3377
0.6281,0,6,1,1,8,0,2,0.7732,26,0.776
0.8634,0,1,1,1,3,0,0,0.8779,30,0.9441
0.3611,0,1,1,0,2,0,1,0.4057,18,0.5397
0.9456,1,5,1,0,7,0,1,0.8266,13,0.9861
0.8936,0,7,2,1,10,0,1,0.8909,23,0.8842
0.9556,1,1,1,1,4,0,4,0.9013,42,0.9595
0.8359,2,1,0,1,4,0,4,0.861,22,0.8453
0.55,0,9,0,0,9,0,4,0.5472,26,0.7168
0.9264,2,6,4,2,14,1,3,0.9855,20,0.7329
0.2047,2,2,4,2,10,1,1,0.445,9,0.1081
0.8129,0,6,0,1,7,0,2,0.7927,35,0.8409
0.286,0,1,7,4,12,0,1,0.3533,21,0.2362
0.7893,0,1,1,0,2,0,1,0.7241,19,0.8382
0.3254,0,5,4,1,10,0,2,0.3751,17,0.6024
0.9924,0,4,0,0,4,0,1,1.0,35,1.0
0.88,0,0,4,1,5,0,0,0.804,26,0.8499
0.1556,2,3,1,0,6,0,2,0.1372,20,0.2895
0.7617,0,1,3,3,7,0,5,0.7055,38,0.7483
0.8723,0,0,2,1,3,0,0,0.9706,28,0.92
0.9281,0,3,2,1,6,0,1,0.8316,50,0.9719
0.4035,0,0,1,1,2,0,0,0.3056,29,0.516
0.254,2,2,3,1,8,0,1,0.2333,36,0.3834
0.2295,3,1,5,3,12,0,3,0.2141,41,0.2161
0.1652,0,2,1,1,4,0,0,0.3299,12,0.3717
0.076,0,0,0,0,0,0,0,0.1621,31,0.4186
0.1574,0,2,3,0,5,0,1,0.081,23,0.3339
0.9222,7,1,1,0,9,1,2,0.9615,20,0.3561
0.6533,0,2,1,1,4,0,2,0.8781,16,0.8257
0.8273,1,7,0,0,8,0,1,0.6638,32,0.8844
0.7501,1,1,1,1,4,0,1,0.8356,16,0.7806
0.6252,5,1,2,3,11,1,1,0.6611,22,0.2386
0.2514,0,3,3,1,7,0,2,0.14,24,0.4992
0.7316,0,0,4,1,5,0,1,0.7383,36,0.7301
0.9463,0,2,1,0,3,0,0,1.0,20,1.0
0.8363,5,1,1,1,8,3,0,0.7761,32,0.5155
0.3818,0,0,1,0,1,0,0,0.3481,38,0.5399
0.341,5,1,0,1,7,0,0,0.4729,16,0.4829
0.6343,0,1,3,1,5,0,0,0.6229,34,0.6612
0.8931,3,2,1,1,7,0,6,0.8626,26,0.8095
0.5238,6,3,0,1,10,0,1,0.3569,19,0.4573
0.7665,1,1,3,3,8,0,1,0.6179,34,0.6807
0.7333,0,1,4,2,7,0,0,0.6599,24,0.7564
0.755,0,2,0,3,5,0,0,0.5806,30,0.806
0.8171,0,1,1,0,2,0,0,0.7863,24,0.8711
0.91,6,1,1,0,8,2,3,0.8676,39,0.4752
0.9202,1,0,1,0,2,0,1,0.7922,22,0.912
0.6857,2,1,0,2,5,0,5,0.7638,25,0.69
0.6617,1,0,1,0,2,0,0,0.5406,26,0.6913
0.8864,0,9,1,1,11,0,1,1.0,35,0.9341
0.05,0,2,4,1,7,0,1,0.1818,9,0.234
0.321,1,0,4,2,7,0,5,0.3641,22,0.3809
0.7799,1,1,0,0,2,0,0,0.8491,23,0.84
0.8954,3,1,0,0,4,0,1,0.8677,19,0.9521
0.8857,1,2,1,1,5,0,5,0.8473,17,0.9335
0.7049,0,0,4,1,5,0,1,0.8076,17,0.7392
0.9319,1,1,0,0,2,0,0,0.8704,22,0.9475
0.9718,1,1,0,0,2,1,1,1.0,26,0.9165
0.6935,4,1,0,0,5,0,1,0.4664,15,0.6746
0.55,0,0,2,0,2,0,0,0.6352,30,0.6762
0.1724,0,1,4,1,6,0,1,0.2401,43,0.3594
0.4506,0,4,0,0,4,0,0,0.5832,38,0.7049
0.8053,0,2,5,3,10,0,3,1.0,18,0.8172
0.1432,5,2,3,1,11,3,2,0.1187,27,0.0
0.6484,0,1,0,0,1,0,1,0.6851,17,0.912
0.8183,1,1,0,1,3,0,1,0.6872,29,0.8036
0.2718,0,2,0,0,2,0,1,0.1986,20,0.5811
0.7005,0,1,0,0,1,0,0,0.772,14,0.8007
0.7217,5,3,0,0,8,0,1,0.6425,23,0.7808
0.718,0,5,1,1,7,0,1,0.6769,25,0.7764
0.6468,0,1,1,1,3,0,0,0.5702,26,0.7351
0.8369,4,0,0,1,5,0,2,0.7659,25,0.8152
0.7004,0,2,0,0,2,0,1,0.7784,24,0.9069
0.1913,0,3,0,0,3,0,1,0.2747,16,0.4101
0.792,0,6,1,2,9,0,3,0.8503,26,0.8311
0.7472,1,1,0,1,3,1,0,0.7765,28,0.5434
0.2527,0,2,6,5,13,0,3,0.4286,22,0.3
0.952,0,1,2,1,4,0,0,0.9807,15,0.9305
0.7965,5,7,1,0,13,2,3,0.7221,22,0.4218
0.7132,0,5,1,0,6,0,1,0.6397,20,0.7639
0.8603,0,1,1,1,3,0,0,0.9068,20,0.8908
0.8572,0,1,4,2,7,0,4,0.7222,34,0.7211
0.6404,0,0,2,2,4,0,2,0.6604,15,0.7359
0.6276,0,0,0,0,0,0,0,0.7367,23,0.8808
0.55,1,1,1,0,3,0,0,0.6226,41,0.5557
0.3844,0,1,2,4,7,0,0,0.3825,38,0.486
0.4722,5,2,3,2,12,0,1,0.3526,26,0.3319
0.9904,0,3,1,1,5,0,1,0.8801,19,0.9864
0.5664,1,4,1,1,7,0,1,0.6506,42,0.6162
0.2232,7,1,1,1,10,0,1,0.2975,19,0.2238
0.2893,1,1,3,1,6,0,1,0.3125,16,0.3362
0.868,0,0,4,2,6,0,3,0.7614,16,0.8117
0.9074,2,1,0,0,3,0,1,0.999,16,0.9284
0.7942,2,0,1,1,4,0,1,0.8928,28,0.7929
0.7381,0,4,1,1,6,0,1,0.7005,12,0.8266
0.9517,0,3,1,1,5,0,2,0.9394,21,0.9505
0.668,0,0,4,2,6,0,1,0.6734,40,0.5549
0.7682,0,0,0,0,0,0,0,0.7112,25,0.8983
0.8248,0,1,0,0,1,0,1,0.8708,50,0.9399
0.05,2,0,0,1,3,0,0,0.0453,24,0.2939
0.7843,0,1,3,4,8,0,2,0.7397,22,0.7879
0.8328,0,3,0,0,3,0,0,0.6976,11,0.9533
0.2617,1,4,2,1,8,0,3,0.4063,37,0.363
0.6892,0,0,0,1,1,0,1,0.7316,41,0.7819
0.713,0,10,0,0,10,0,5,0.6606,33,0.9088
0.8513,0,2,1,0,3,0,0,0.7347,26,0.9475
0.7081,0,3,2,1,6,0,1,0.8994,16,0.7562
0.952,1,0,0,0,1,0,1,0.907,44,0.9245
0.3204,5,3,3,1,12,1,8,0.3628,20,0.0834
0.8334,3,0,0,0,3,1,0,0.7345,25,0.5853
0.2723,0,0,0,1,1,0,0,0.3476,22,0.4182
0.8964,0,1,3,1,5,0,0,0.8745,32,0.8565
0.8744,0,0,4,2,6,0,5,0.7964,22,0.7161
0.851,0,0,1,1,2,0,1,0.8759,21,0.8457
0.8329,0,3,1,1,5,0,1,0.8551,15,0.9231
0.7625,3,0,0,1,4,0,1,0.8113,13,0.7316
0.2009,0,2,1,0,3,0,0,0.1465,22,0.4442
0.9287,0,1,1,1,3,0,2,0.955,35,0.9733
0.9633,0,2,1,0,3,0,1,0.8047,17,0.9859
0.575,0,3,2,1,6,0,2,0.5792,32,0.6491
0.6487,0,2,3,2,7,0,0,0.6908,28,0.684
0.2817,0,5,3,1,9,0,4,0.2124,32,0.3637
0.6997,3,1,0,1,5,0,3,0.7027,26,0.8208
0.7152,8,2,0,2,12,2,5,0.683,21,0.3391
0.6953,0,0,1,1,2,0,0,0.5953,29,0.7078
0.597,4,1,5,3,13,0,3,0.5267,20,0.41
0.0885,2,4,7,1,14,0,1,0.2103,17,0.1571
0.8322,0,0,1,1,2,0,1,0.7835,14,0.8921
0.7706,0,2,0,0,2,0,0,0.7525,9,0.9599
0.7548,5,2,5,3,15,1,4,0.9861,14,0.4388
0.347,2,2,0,0,4,1,4,0.3029,38,0.2942
0.7128,0,1,0,1,2,0,2,0.7651,18,0.834
0.8632,1,1,3,2,7,0,6,0.7294,30,0.6942
0.9312,0,2,0,2,4,0,1,0.8996,24,0.9688
0.7865,0,0,0,0,0,0,0,0.7199,25,0.8894
0.7956,7,5,1,1,14,4,3,0.8203,26,0.4428
0.8899,0,1,5,3,9,0,3,0.8397,19,0.758
0.55,0,2,6,3,11,0,2,0.6567,29,0.3484
0.7453,1,5,1,1,8,1,0,0.6544,23,0.534
0.2595,0,0,0,0,0,0,0,0.3531,17,0.5561
0.1276,4,1,0,1,6,2,2,0.2443,17,0.0237
0.2029,0,3,6,4,13,0,1,0.2864,33,0.2069
